uuid,legacy_aliquot,sample_id,experimental_strategy,platform,library_id,paired_end,quality_scale,platform_unit_id,s3_path,read_length,insert_size,sequencing_coverage,sequencing_center
ed890e56-a048-4314-9b17-90d31899429e,NULL,7316-177-N,WGS,Illumina HiSeq,ARCGHMM026AUAAAPEI-36,1,illumina15,FCC1MNNACXX_L7,s3://cbttc.seq.data/data_12_pairs/7316-177B/130206_I1089_FCC1MNNACXX_L7_ARCGHMM026AUAAAPEI-36/130206_I1089_FCC1MNNACXX_L7_ARCGHMM026AUAAAPEI-36_1.fq.gz,100,500,60X,BGI@CHOP
c5dd45e8-7d66-422c-b73b-4bbed550c026,NULL,7316-177-N,WGS,Illumina HiSeq,ARCGHMM026AUAAAPEI-36,2,illumina15,FCC1MNNACXX_L7,s3://cbttc.seq.data/data_12_pairs/7316-177B/130206_I1089_FCC1MNNACXX_L7_ARCGHMM026AUAAAPEI-36/130206_I1089_FCC1MNNACXX_L7_ARCGHMM026AUAAAPEI-36_2.fq.gz,100,500,60X,BGI@CHOP
add9b428-5497-4e4d-87a6-b293118556a0,NULL,7316-177-N,WGS,Illumina HiSeq,ARCGHMM026AVAAAPEI-37,1,illumina15,FCC1MNNACXX_L8,s3://cbttc.seq.data/data_12_pairs/7316-177B/130206_I1089_FCC1MNNACXX_L8_ARCGHMM026AVAAAPEI-37/130206_I1089_FCC1MNNACXX_L8_ARCGHMM026AVAAAPEI-37_1.fq.gz,100,500,60X,BGI@CHOP
461d5b4a-0548-44dc-a7f0-b8bc13371664,NULL,7316-177-N,WGS,Illumina HiSeq,ARCGHMM026AVAAAPEI-37,2,illumina15,FCC1MNNACXX_L8,s3://cbttc.seq.data/data_12_pairs/7316-177B/130206_I1089_FCC1MNNACXX_L8_ARCGHMM026AVAAAPEI-37/130206_I1089_FCC1MNNACXX_L8_ARCGHMM026AVAAAPEI-37_2.fq.gz,100,500,60X,BGI@CHOP
89832bb1-3d7b-4f91-b020-cb1261902bb5,NULL,7316-177-N,WGS,Illumina HiSeq,ARCGHMM026AUAAAPEI-36,1,illumina15,FCC1MJDACXX_L7,s3://cbttc.seq.data/data_12_pairs/7316-177B/130207_I1074_FCC1MJDACXX_L7_ARCGHMM026AUAAAPEI-36_1.fq.gz,100,500,60X,BGI@CHOP
633e7f3f-f4a6-44b8-83c9-7cc79cc04023,NULL,7316-177-N,WGS,Illumina HiSeq,ARCGHMM026AUAAAPEI-36,2,illumina15,FCC1MJDACXX_L7,s3://cbttc.seq.data/data_12_pairs/7316-177B/130207_I1074_FCC1MJDACXX_L7_ARCGHMM026AUAAAPEI-36_2.fq.gz,100,500,60X,BGI@CHOP
b37800fe-fc8c-4ba5-af99-091df22f8be4,NULL,7316-177-N,WGS,Illumina HiSeq,ARCGHMM026AVAAAPEI-37,1,illumina15,FCC1MJDACXX_L8,s3://cbttc.seq.data/data_12_pairs/7316-177B/130207_I1074_FCC1MJDACXX_L8_ARCGHMM026AVAAAPEI-37/130207_I1074_FCC1MJDACXX_L8_ARCGHMM026AVAAAPEI-37_1.fq.gz,100,500,60X,BGI@CHOP
93ea6230-3cd9-4727-bd7c-7819c591d842,NULL,7316-177-N,WGS,Illumina HiSeq,ARCGHMM026AVAAAPEI-37,2,illumina15,FCC1MJDACXX_L8,s3://cbttc.seq.data/data_12_pairs/7316-177B/130207_I1074_FCC1MJDACXX_L8_ARCGHMM026AVAAAPEI-37/130207_I1074_FCC1MJDACXX_L8_ARCGHMM026AVAAAPEI-37_2.fq.gz,100,500,60X,BGI@CHOP
74888fc3-b688-40d8-a9f7-66cee7f12116,NULL,7316-177-N,WGS,Illumina HiSeq,ARCGHMM026AUAAAPEI-36,1,illumina15,FCD1RCBACXX_L7,s3://cbttc.seq.data/data_12_pairs/7316-177B/130207_I1074_FCD1RCBACXX_L7_ARCGHMM026AUAAAPEI-36/130207_I1074_FCD1RCBACXX_L7_ARCGHMM026AUAAAPEI-36_1.fq.gz,100,500,60X,BGI@CHOP
6db2ddd8-57de-4ba0-9069-a3d515301dd3,NULL,7316-177-N,WGS,Illumina HiSeq,ARCGHMM026AUAAAPEI-36,2,illumina15,FCD1RCBACXX_L7,s3://cbttc.seq.data/data_12_pairs/7316-177B/130207_I1074_FCD1RCBACXX_L7_ARCGHMM026AUAAAPEI-36/130207_I1074_FCD1RCBACXX_L7_ARCGHMM026AUAAAPEI-36_2.fq.gz,100,500,60X,BGI@CHOP
811e75a5-6215-4564-922c-beb0dd4a6d3b,NULL,7316-177-N,WGS,Illumina HiSeq,ARCGHMM026AVAAAPEI-37,1,illumina15,FCD1RCBACXX_L8,s3://cbttc.seq.data/data_12_pairs/7316-177B/130207_I1074_FCD1RCBACXX_L8_ARCGHMM026AVAAAPEI-37/130207_I1074_FCD1RCBACXX_L8_ARCGHMM026AVAAAPEI-37_1.fq.gz,100,500,60X,BGI@CHOP
c5c756bb-2f75-4c49-b53e-2da6937bd646,NULL,7316-177-N,WGS,Illumina HiSeq,ARCGHMM026AVAAAPEI-37,2,illumina15,FCD1RCBACXX_L8,s3://cbttc.seq.data/data_12_pairs/7316-177B/130207_I1074_FCD1RCBACXX_L8_ARCGHMM026AVAAAPEI-37/130207_I1074_FCD1RCBACXX_L8_ARCGHMM026AVAAAPEI-37_2.fq.gz,100,500,60X,BGI@CHOP
f382d1e4-ea5f-42e1-ac5b-268227e952c4,NULL,7316-177-T,WGS,Illumina HiSeq,ARCGHMM026AWAAAPEI-31,1,illumina15,FCC1PR4ACXX_L8,s3://cbttc.seq.data/data_12_pairs/7316-177T/130312_I1125_FCC1PR4ACXX_L8_ARCGHMM026AWAAAPEI-31/130312_I1125_FCC1PR4ACXX_L8_ARCGHMM026AWAAAPEI-31_1.fq.gz,100,500,60X,BGI@CHOP
6c2f2906-ee31-47ab-9f86-3e01da9aa4ce,NULL,7316-177-T,WGS,Illumina HiSeq,ARCGHMM026AWAAAPEI-31,2,illumina15,FCC1PR4ACXX_L8,s3://cbttc.seq.data/data_12_pairs/7316-177T/130312_I1125_FCC1PR4ACXX_L8_ARCGHMM026AWAAAPEI-31/130312_I1125_FCC1PR4ACXX_L8_ARCGHMM026AWAAAPEI-31_2.fq.gz,100,500,60X,BGI@CHOP
64aabd14-29df-4aa2-9ee6-8af1a1e3b463,NULL,7316-177-T,WGS,Illumina HiSeq,ARCGHMM026AWAAAPEI-31,1,illumina15,FCC0YIFACXX_L8,s3://cbttc.seq.data/data_12_pairs/7316-177T/130320_I1135_FCC0YIFACXX_L8_ARCGHMM026AWAAAPEI-31/130320_I1135_FCC0YIFACXX_L8_ARCGHMM026AWAAAPEI-31_1.fq.gz,100,500,60X,BGI@CHOP
60ef2bd3-5305-46c0-94cd-ed366e41327e,NULL,7316-177-T,WGS,Illumina HiSeq,ARCGHMM026AWAAAPEI-31,2,illumina15,FCC0YIFACXX_L8,s3://cbttc.seq.data/data_12_pairs/7316-177T/130320_I1135_FCC0YIFACXX_L8_ARCGHMM026AWAAAPEI-31/130320_I1135_FCC0YIFACXX_L8_ARCGHMM026AWAAAPEI-31_2.fq.gz,100,500,60X,BGI@CHOP
31de8893-b4b3-463d-8b5c-472c95f410d5,NULL,7316-177-T,WGS,Illumina HiSeq,ARCGHMM026AWAAAPEI-31,1,illumina15,FCD24LLACXX_L5,s3://cbttc.seq.data/data_12_pairs/7316-177T/130320_I1135_FCD24LLACXX_L5_ARCGHMM026AWAAAPEI-31/130320_I1135_FCD24LLACXX_L5_ARCGHMM026AWAAAPEI-31_1.fq.gz,100,500,60X,BGI@CHOP
d252ba08-5fbe-49f2-af87-3512e4475134,NULL,7316-177-T,WGS,Illumina HiSeq,ARCGHMM026AWAAAPEI-31,2,illumina15,FCD24LLACXX_L5,s3://cbttc.seq.data/data_12_pairs/7316-177T/130320_I1135_FCD24LLACXX_L5_ARCGHMM026AWAAAPEI-31/130320_I1135_FCD24LLACXX_L5_ARCGHMM026AWAAAPEI-31_2.fq.gz,100,500,60X,BGI@CHOP
16eaecf9-f5cd-4452-8858-86a0e28c9c9c,NULL,7316-177-T,WGS,Illumina HiSeq,ARCGHMM026ANAAAPEI-33,1,illumina15,FCD24LLACXX_L6,s3://cbttc.seq.data/data_12_pairs/7316-177T/130320_I1135_FCD24LLACXX_L6_ARCGHMM026ANAAAPEI-33/130320_I1135_FCD24LLACXX_L6_ARCGHMM026ANAAAPEI-33_1.fq.gz,100,500,60X,BGI@CHOP
d72e456f-61b8-4ef9-b4d4-de46df5b3228,NULL,7316-177-T,WGS,Illumina HiSeq,ARCGHMM026ANAAAPEI-33,2,illumina15,FCD24LLACXX_L6,s3://cbttc.seq.data/data_12_pairs/7316-177T/130320_I1135_FCD24LLACXX_L6_ARCGHMM026ANAAAPEI-33/130320_I1135_FCD24LLACXX_L6_ARCGHMM026ANAAAPEI-33_2.fq.gz,100,500,60X,BGI@CHOP
1d526d7e-1974-4703-8f69-fc67a0cd20f2,NULL,7316-177-T,WGS,Illumina HiSeq,ARCGHMM026AXAAAPEI-33,1,illumina15,FCD1YY4ACXX_L7,s3://cbttc.seq.data/data_12_pairs/7316-177T/130502_I1074_FCD1YY4ACXX_L7_ARCGHMM026AXAAAPEI-33/130502_I1074_FCD1YY4ACXX_L7_ARCGHMM026AXAAAPEI-33_1.fq.gz,100,500,60X,BGI@CHOP
2e03a5e3-1f99-46b5-b7c8-30cd86e1996c,NULL,7316-177-T,WGS,Illumina HiSeq,ARCGHMM026AXAAAPEI-33,2,illumina15,FCD1YY4ACXX_L7,s3://cbttc.seq.data/data_12_pairs/7316-177T/130502_I1074_FCD1YY4ACXX_L7_ARCGHMM026AXAAAPEI-33/130502_I1074_FCD1YY4ACXX_L7_ARCGHMM026AXAAAPEI-33_2.fq.gz,100,500,60X,BGI@CHOP
7ff144d9-0367-40ec-8d84-a5c9aa272355,NULL,7316-177-T,WGS,Illumina HiSeq,ARCGHMM026AXAAAPEI-33,1,illumina15,FCD1YY4ACXX_L8,s3://cbttc.seq.data/data_12_pairs/7316-177T/130502_I1074_FCD1YY4ACXX_L8_ARCGHMM026AXAAAPEI-33/130502_I1074_FCD1YY4ACXX_L8_ARCGHMM026AXAAAPEI-33_1.fq.gz,100,500,60X,BGI@CHOP
67173f04-98e4-40c9-8e25-a17247f329b0,NULL,7316-177-T,WGS,Illumina HiSeq,ARCGHMM026AXAAAPEI-33,2,illumina15,FCD1YY4ACXX_L8,s3://cbttc.seq.data/data_12_pairs/7316-177T/130502_I1074_FCD1YY4ACXX_L8_ARCGHMM026AXAAAPEI-33/130502_I1074_FCD1YY4ACXX_L8_ARCGHMM026AXAAAPEI-33_2.fq.gz,100,500,60X,BGI@CHOP
df086e54-8b90-425e-8e02-8b638fe47d1b,NULL,7316-193-N,WGS,Illumina HiSeq,ARCGHMM026AQAAAPEI-93,1,illumina15,FCD1R0JACXX_L7,s3://cbttc.seq.data/data_12_pairs/7316-193B/130315_I1074_FCD1R0JACXX_L7_ARCGHMM026AQAAAPEI-93/130315_I1074_FCD1R0JACXX_L7_ARCGHMM026AQAAAPEI-93_1.fq.gz,100,500,60X,BGI@CHOP
a5d4ac35-eccc-49e5-be29-7bbeb7cc6b34,NULL,7316-193-N,WGS,Illumina HiSeq,ARCGHMM026AQAAAPEI-93,2,illumina15,FCD1R0JACXX_L7,s3://cbttc.seq.data/data_12_pairs/7316-193B/130315_I1074_FCD1R0JACXX_L7_ARCGHMM026AQAAAPEI-93/130315_I1074_FCD1R0JACXX_L7_ARCGHMM026AQAAAPEI-93_2.fq.gz,100,500,60X,BGI@CHOP
81256d32-9f49-4590-8cbb-3916c69bcf8f,NULL,7316-193-N,WGS,Illumina HiSeq,ARCGHMM026ARAAAPEI-24,1,illumina15,FCD1R0JACXX_L8,s3://cbttc.seq.data/data_12_pairs/7316-193B/130315_I1074_FCD1R0JACXX_L8_ARCGHMM026ARAAAPEI-24/130315_I1074_FCD1R0JACXX_L8_ARCGHMM026ARAAAPEI-24_1.fq.gz,100,500,60X,BGI@CHOP
17bd2cb4-a7ca-4052-83eb-40b06b31563e,NULL,7316-193-N,WGS,Illumina HiSeq,ARCGHMM026ARAAAPEI-24,2,illumina15,FCD1R0JACXX_L8,s3://cbttc.seq.data/data_12_pairs/7316-193B/130315_I1074_FCD1R0JACXX_L8_ARCGHMM026ARAAAPEI-24/130315_I1074_FCD1R0JACXX_L8_ARCGHMM026ARAAAPEI-24_2.fq.gz,100,500,60X,BGI@CHOP
c0275c70-bb07-4a98-894e-3da42e53cd3b,NULL,7316-193-N,WGS,Illumina HiSeq,ARCGHMM026ARAAAPEI-24,1,illumina15,FCC1ME7ACXX_L3,s3://cbttc.seq.data/data_12_pairs/7316-193B/130322_I1069_FCC1ME7ACXX_L3_ARCGHMM026ARAAAPEI-24/130322_I1069_FCC1ME7ACXX_L3_ARCGHMM026ARAAAPEI-24_1.fq.gz,100,500,60X,BGI@CHOP
db76cc77-5742-4029-bad7-e0544e54d117,NULL,7316-193-N,WGS,Illumina HiSeq,ARCGHMM026ARAAAPEI-24,2,illumina15,FCC1ME7ACXX_L3,s3://cbttc.seq.data/data_12_pairs/7316-193B/130322_I1069_FCC1ME7ACXX_L3_ARCGHMM026ARAAAPEI-24/130322_I1069_FCC1ME7ACXX_L3_ARCGHMM026ARAAAPEI-24_2.fq.gz,100,500,60X,BGI@CHOP
697faad6-c7a4-4987-943f-447ff218084e,NULL,7316-193-N,WGS,Illumina HiSeq,ARCGHMM026AQAAAPEI-93,1,illumina15,FCC1VKWACXX_L7,s3://cbttc.seq.data/data_12_pairs/7316-193B/130322_I1069_FCC1VKWACXX_L7_ARCGHMM026AQAAAPEI-93/130322_I1069_FCC1VKWACXX_L7_ARCGHMM026AQAAAPEI-93_1.fq.gz,100,500,60X,BGI@CHOP
11d96254-c718-4dc1-93a3-d5c672b23239,NULL,7316-193-N,WGS,Illumina HiSeq,ARCGHMM026AQAAAPEI-93,2,illumina15,FCC1VKWACXX_L7,s3://cbttc.seq.data/data_12_pairs/7316-193B/130322_I1069_FCC1VKWACXX_L7_ARCGHMM026AQAAAPEI-93/130322_I1069_FCC1VKWACXX_L7_ARCGHMM026AQAAAPEI-93_2.fq.gz,100,500,60X,BGI@CHOP
e41c0f91-08fa-4df6-9848-25c7a082bfde,NULL,7316-193-N,WGS,Illumina HiSeq,ARCGHMM026ARAAAPEI-24,1,illumina15,FCC1VKWACXX_L8,s3://cbttc.seq.data/data_12_pairs/7316-193B/130322_I1069_FCC1VKWACXX_L8_ARCGHMM026ARAAAPEI-24/130322_I1069_FCC1VKWACXX_L8_ARCGHMM026ARAAAPEI-24_1.fq.gz,100,500,60X,BGI@CHOP
24518540-606f-4203-bdd1-b88a80ed7a7b,NULL,7316-193-N,WGS,Illumina HiSeq,ARCGHMM026ARAAAPEI-24,2,illumina15,FCC1VKWACXX_L8,s3://cbttc.seq.data/data_12_pairs/7316-193B/130322_I1069_FCC1VKWACXX_L8_ARCGHMM026ARAAAPEI-24/130322_I1069_FCC1VKWACXX_L8_ARCGHMM026ARAAAPEI-24_2.fq.gz,100,500,60X,BGI@CHOP
56d8927b-9445-4933-8110-94a8be2cfc77,NULL,7316-193-N,WGS,Illumina HiSeq,ARCGHMM026AQAAAPEI-93,1,illumina15,FCC218EACXX_L3,s3://cbttc.seq.data/data_12_pairs/7316-193B/130403_I1009_FCC218EACXX_L3_ARCGHMM026AQAAAPEI-93/130403_I1009_FCC218EACXX_L3_ARCGHMM026AQAAAPEI-93_1.fq.gz,100,500,60X,BGI@CHOP
dcf3b7aa-7555-4899-94a3-8a23c8aaeeb5,NULL,7316-193-N,WGS,Illumina HiSeq,ARCGHMM026AQAAAPEI-93,2,illumina15,FCC218EACXX_L3,s3://cbttc.seq.data/data_12_pairs/7316-193B/130403_I1009_FCC218EACXX_L3_ARCGHMM026AQAAAPEI-93/130403_I1009_FCC218EACXX_L3_ARCGHMM026AQAAAPEI-93_2.fq.gz,100,500,60X,BGI@CHOP
a913a1ff-2fb1-4261-b23b-8a2191a49e10,NULL,7316-193-T,WGS,Illumina HiSeq,ARCGHMM026ASAAAPEI-25,1,illumina15,FCD1YY8ACXX_L5,s3://cbttc.seq.data/data_12_pairs/7316-193T/130329_I1074_FCD1YY8ACXX_L5_ARCGHMM026ASAAAPEI-25/130329_I1074_FCD1YY8ACXX_L5_ARCGHMM026ASAAAPEI-25_1.fq.gz,100,500,60X,BGI@CHOP
13614fd3-c1dd-4964-a30d-af3ee5c0a069,NULL,7316-193-T,WGS,Illumina HiSeq,ARCGHMM026ASAAAPEI-25,2,illumina15,FCD1YY8ACXX_L5,s3://cbttc.seq.data/data_12_pairs/7316-193T/130329_I1074_FCD1YY8ACXX_L5_ARCGHMM026ASAAAPEI-25/130329_I1074_FCD1YY8ACXX_L5_ARCGHMM026ASAAAPEI-25_2.fq.gz,100,500,60X,BGI@CHOP
eafd4f05-7293-4cf3-9011-966533aba8e7,NULL,7316-193-T,WGS,Illumina HiSeq,ARCGHMM026ASAAAPEI-25,1,illumina15,FCD1YY8ACXX_L6,s3://cbttc.seq.data/data_12_pairs/7316-193T/130329_I1074_FCD1YY8ACXX_L6_ARCGHMM026ASAAAPEI-25/130329_I1074_FCD1YY8ACXX_L6_ARCGHMM026ASAAAPEI-25_1.fq.gz,100,500,60X,BGI@CHOP
2f89f195-b763-4f6f-89ff-17065bd84142,NULL,7316-193-T,WGS,Illumina HiSeq,ARCGHMM026ASAAAPEI-25,2,illumina15,FCD1YY8ACXX_L6,s3://cbttc.seq.data/data_12_pairs/7316-193T/130329_I1074_FCD1YY8ACXX_L6_ARCGHMM026ASAAAPEI-25/130329_I1074_FCD1YY8ACXX_L6_ARCGHMM026ASAAAPEI-25_2.fq.gz,100,500,60X,BGI@CHOP
7cd8cc5b-4bad-4cae-b668-f4e4908436ef,NULL,7316-193-T,WGS,Illumina HiSeq,ARCGHMM026ATAAAPEI-26,1,illumina15,FCD1YY8ACXX_L7,s3://cbttc.seq.data/data_12_pairs/7316-193T/130329_I1074_FCD1YY8ACXX_L7_ARCGHMM026ATAAAPEI-26/130329_I1074_FCD1YY8ACXX_L7_ARCGHMM026ATAAAPEI-26_1.fq.gz,100,500,60X,BGI@CHOP
fb50d1e5-cd35-4bf4-9913-8514336243df,NULL,7316-193-T,WGS,Illumina HiSeq,ARCGHMM026ATAAAPEI-26,2,illumina15,FCD1YY8ACXX_L7,s3://cbttc.seq.data/data_12_pairs/7316-193T/130329_I1074_FCD1YY8ACXX_L7_ARCGHMM026ATAAAPEI-26/130329_I1074_FCD1YY8ACXX_L7_ARCGHMM026ATAAAPEI-26_2.fq.gz,100,500,60X,BGI@CHOP
3a9d8fb0-fa45-4526-8913-a09d68b93f89,NULL,7316-193-T,WGS,Illumina HiSeq,ARCGHMM026ATAAAPEI-26,1,illumina15,FCD1YY8ACXX_L8,s3://cbttc.seq.data/data_12_pairs/7316-193T/130329_I1074_FCD1YY8ACXX_L8_ARCGHMM026ATAAAPEI-26/130329_I1074_FCD1YY8ACXX_L8_ARCGHMM026ATAAAPEI-26_1.fq.gz,100,500,60X,BGI@CHOP
dd65520a-5405-4564-84c9-b6ab85398bf3,NULL,7316-193-T,WGS,Illumina HiSeq,ARCGHMM026ATAAAPEI-26,2,illumina15,FCD1YY8ACXX_L8,s3://cbttc.seq.data/data_12_pairs/7316-193T/130329_I1074_FCD1YY8ACXX_L8_ARCGHMM026ATAAAPEI-26/130329_I1074_FCD1YY8ACXX_L8_ARCGHMM026ATAAAPEI-26_2.fq.gz,100,500,60X,BGI@CHOP
b373f08b-0be8-4875-908c-701b2b0731f5,NULL,7316-193-T,WGS,Illumina HiSeq,ARCGHMM026ASAAAPEI-25,1,illumina15,FCC1VHFACXX_L2,s3://cbttc.seq.data/data_12_pairs/7316-193T/130405_I1069_FCC1VHFACXX_L2_ARCGHMM026ASAAAPEI-25/130405_I1069_FCC1VHFACXX_L2_ARCGHMM026ASAAAPEI-25_1.fq.gz,100,500,60X,BGI@CHOP
aab29a13-d523-48c7-9764-03fa73cd6c9f,NULL,7316-193-T,WGS,Illumina HiSeq,ARCGHMM026ASAAAPEI-25,2,illumina15,FCC1VHFACXX_L2,s3://cbttc.seq.data/data_12_pairs/7316-193T/130405_I1069_FCC1VHFACXX_L2_ARCGHMM026ASAAAPEI-25/130405_I1069_FCC1VHFACXX_L2_ARCGHMM026ASAAAPEI-25_2.fq.gz,100,500,60X,BGI@CHOP
740b0f49-bcee-43fe-a3a3-2fde347aa081,NULL,7316-193-T,WGS,Illumina HiSeq,ARCGHMM026ASAAAPEI-26,1,illumina15,FCC1VHFACXX_L3,s3://cbttc.seq.data/data_12_pairs/7316-193T/130405_I1069_FCC1VHFACXX_L3_ARCGHMM026ASAAAPEI-26/130405_I1069_FCC1VHFACXX_L3_ARCGHMM026ASAAAPEI-26_1.fq.gz,100,500,60X,BGI@CHOP
2446fede-195b-4815-9fbb-52fc3737183e,NULL,7316-193-T,WGS,Illumina HiSeq,ARCGHMM026ASAAAPEI-26,2,illumina15,FCC1VHFACXX_L3,s3://cbttc.seq.data/data_12_pairs/7316-193T/130405_I1069_FCC1VHFACXX_L3_ARCGHMM026ASAAAPEI-26/130405_I1069_FCC1VHFACXX_L3_ARCGHMM026ASAAAPEI-26_2.fq.gz,100,500,60X,BGI@CHOP
fcfedfaf-733f-4e10-9ef7-93e2d59e1ce2,NULL,7316-46-N,WGS,Illumina HiSeq,ARCGHMM026AMAAAPEI-75,1,illumina15,FCC1HY9ACXX_L8,s3://cbttc.seq.data/data_12_pairs/7316-46B/130305_I7001139_FCC1HY9ACXX_L8_ARCGHMM026AMAAAPEI-75/130305_I7001139_FCC1HY9ACXX_L8_ARCGHMM026AMAAAPEI-75_1.fq.gz,100,500,60X,BGI@CHOP
714b3e0b-b024-4e7f-8512-ae3e9d6bc7c0,NULL,7316-46-N,WGS,Illumina HiSeq,ARCGHMM026AMAAAPEI-75,2,illumina15,FCC1HY9ACXX_L8,s3://cbttc.seq.data/data_12_pairs/7316-46B/130305_I7001139_FCC1HY9ACXX_L8_ARCGHMM026AMAAAPEI-75/130305_I7001139_FCC1HY9ACXX_L8_ARCGHMM026AMAAAPEI-75_2.fq.gz,100,500,60X,BGI@CHOP
67587d78-ed15-4ec0-ad55-87c191dc73ad,NULL,7316-46-N,WGS,Illumina HiSeq,ARCGHMM026ANAAAPEI-88,1,illumina15,FCC1PFHACXX_L1,s3://cbttc.seq.data/data_12_pairs/7316-46B/130307_I1135_FCC1PFHACXX_L1_ARCGHMM026ANAAAPEI-88/130307_I1135_FCC1PFHACXX_L1_ARCGHMM026ANAAAPEI-88_1.fq.gz,100,500,60X,BGI@CHOP
2ab88097-f2bd-4429-b698-c816c10ad5f3,NULL,7316-46-N,WGS,Illumina HiSeq,ARCGHMM026ANAAAPEI-88,2,illumina15,FCC1PFHACXX_L1,s3://cbttc.seq.data/data_12_pairs/7316-46B/130307_I1135_FCC1PFHACXX_L1_ARCGHMM026ANAAAPEI-88/130307_I1135_FCC1PFHACXX_L1_ARCGHMM026ANAAAPEI-88_2.fq.gz,100,500,60X,BGI@CHOP
cbaa38c3-e54c-4d83-b4f7-ab7523320bc6,NULL,7316-46-N,WGS,Illumina HiSeq,ARCGHMM026AMAAAPEI-88,1,illumina15,FCC0WDGACXX_L5,s3://cbttc.seq.data/data_12_pairs/7316-46B/130312_I1125_FCC0WDGACXX_L5_ARCGHMM026AMAAAPEI-88/130312_I1125_FCC0WDGACXX_L5_ARCGHMM026AMAAAPEI-75_1.fq.gz,100,500,60X,BGI@CHOP
66fc1a2b-9007-4b24-9633-f8c96c49545f,NULL,7316-46-N,WGS,Illumina HiSeq,ARCGHMM026AMAAAPEI-88,2,illumina15,FCC0WDGACXX_L5,s3://cbttc.seq.data/data_12_pairs/7316-46B/130312_I1125_FCC0WDGACXX_L5_ARCGHMM026AMAAAPEI-88/130312_I1125_FCC0WDGACXX_L5_ARCGHMM026AMAAAPEI-75_2.fq.gz,100,500,60X,BGI@CHOP
c07b97a0-a767-4039-9763-00d2ea1b99dd,NULL,7316-46-N,WGS,Illumina HiSeq,ARCGHMM026ANAAAPEI-88,1,illumina15,FCC1PR4ACXX_L5,s3://cbttc.seq.data/data_12_pairs/7316-46B/130312_I1125_FCC1PR4ACXX_L5_ARCGHMM026ANAAAPEI-88/130312_I1125_FCC1PR4ACXX_L5_ARCGHMM026ANAAAPEI-88_1.fq.gz,100,500,60X,BGI@CHOP
80ed85d1-1773-49a8-b94a-228fc9c6ed70,NULL,7316-46-N,WGS,Illumina HiSeq,ARCGHMM026ANAAAPEI-88,2,illumina15,FCC1PR4ACXX_L5,s3://cbttc.seq.data/data_12_pairs/7316-46B/130312_I1125_FCC1PR4ACXX_L5_ARCGHMM026ANAAAPEI-88/130312_I1125_FCC1PR4ACXX_L5_ARCGHMM026ANAAAPEI-88_2.fq.gz,100,500,60X,BGI@CHOP
a0de2cc7-ae07-4b80-a193-6ff9691d15b7,NULL,7316-46-N,WGS,Illumina HiSeq,ARCGHMM026AMAAAPEI-75,1,illumina15,FCD1YY4ACXX_L5,s3://cbttc.seq.data/data_12_pairs/7316-46B/130502_I1074_FCD1YY4ACXX_L5_ARCGHMM026AMAAAPEI-75/130502_I1074_FCD1YY4ACXX_L5_ARCGHMM026AMAAAPEI-75_1.fq.gz,100,500,60X,BGI@CHOP
9c9490d3-d600-4695-ad0f-45903f651966,NULL,7316-46-N,WGS,Illumina HiSeq,ARCGHMM026AMAAAPEI-75,2,illumina15,FCD1YY4ACXX_L5,s3://cbttc.seq.data/data_12_pairs/7316-46B/130502_I1074_FCD1YY4ACXX_L5_ARCGHMM026AMAAAPEI-75/130502_I1074_FCD1YY4ACXX_L5_ARCGHMM026AMAAAPEI-75_2.fq.gz,100,500,60X,BGI@CHOP
a944bd97-457b-476e-837a-13061ffbd3e7,NULL,7316-46-N,WGS,Illumina HiSeq,ARCGHMM026AMAAAPEI-75,1,illumina15,FCD1YY4ACXX_L6,s3://cbttc.seq.data/data_12_pairs/7316-46B/130502_I1074_FCD1YY4ACXX_L6_ARCGHMM026AMAAAPEI-75/130502_I1074_FCD1YY4ACXX_L6_ARCGHMM026AMAAAPEI-75_1.fq.gz,100,500,60X,BGI@CHOP
540a0e46-577d-473b-a654-3c224f0cdaa3,NULL,7316-46-N,WGS,Illumina HiSeq,ARCGHMM026AMAAAPEI-75,2,illumina15,FCD1YY4ACXX_L6,s3://cbttc.seq.data/data_12_pairs/7316-46B/130502_I1074_FCD1YY4ACXX_L6_ARCGHMM026AMAAAPEI-75/130502_I1074_FCD1YY4ACXX_L6_ARCGHMM026AMAAAPEI-75_2.fq.gz,100,500,60X,BGI@CHOP
0ab52705-4f35-4e3b-85ce-36a8cd278352,NULL,7316-46-N,WGS,Illumina HiSeq,ARCGHMM026AMAAAPEI-75,1,illumina15,FCC1VK9ACXX_L8,s3://cbttc.seq.data/data_12_pairs/7316-46B/130515_I1069_FCC1VK9ACXX_L8_ARCGHMM026AMAAAPEI-75/130515_I1069_FCC1VK9ACXX_L8_ARCGHMM026AMAAAPEI-75_1.fq.gz,100,500,60X,BGI@CHOP
6d4146ba-1896-4d98-8298-65dbf036eb69,NULL,7316-46-N,WGS,Illumina HiSeq,ARCGHMM026AMAAAPEI-75,2,illumina15,FCC1VK9ACXX_L8,s3://cbttc.seq.data/data_12_pairs/7316-46B/130515_I1069_FCC1VK9ACXX_L8_ARCGHMM026AMAAAPEI-75/130515_I1069_FCC1VK9ACXX_L8_ARCGHMM026AMAAAPEI-75_2.fq.gz,100,500,60X,BGI@CHOP
a1a6ff31-8371-49f9-894b-f06a34807c52,NULL,7316-119-N,WGS,Illumina HiSeq,ARCGHmMAAHAAAPEI_34,1,illumina15,FCD0R0LACXX_L5,s3://cbttc.seq.data/data_12_pairs/7316_119/121009_I1009_FCD0R0LACXX_L5_ARCGHmMAAHAAAPEI_34/121009_I1009_FCD0R0LACXX_L5_ARCGHmMAAHAAAPEI_34_1.fq.gz,100,500,60X,BGI@CHOP
75b92bc0-ade5-4c78-bd21-d0cce20498e7,NULL,7316-119-N,WGS,Illumina HiSeq,ARCGHmMAAHAAAPEI_34,2,illumina15,FCD0R0LACXX_L5,s3://cbttc.seq.data/data_12_pairs/7316_119/121009_I1009_FCD0R0LACXX_L5_ARCGHmMAAHAAAPEI_34/121009_I1009_FCD0R0LACXX_L5_ARCGHmMAAHAAAPEI_34_2.fq.gz,100,500,60X,BGI@CHOP
922816b9-8670-4ca2-807c-03884c7f2731,NULL,7316-119-N,WGS,Illumina HiSeq,ARCGHmMAAHAABPEI_36,1,illumina15,FCD0R0LACXX_L6,s3://cbttc.seq.data/data_12_pairs/7316_119/121009_I1009_FCD0R0LACXX_L6_ARCGHmMAAHAABPEI_36/121009_I1009_FCD0R0LACXX_L6_ARCGHmMAAHAABPEI_36_1.fq.gz,100,500,60X,BGI@CHOP
a5700871-2a90-4f5d-8952-69e982b30e20,NULL,7316-119-N,WGS,Illumina HiSeq,ARCGHmMAAHAABPEI_36,2,illumina15,FCD0R0LACXX_L6,s3://cbttc.seq.data/data_12_pairs/7316_119/121009_I1009_FCD0R0LACXX_L6_ARCGHmMAAHAABPEI_36/121009_I1009_FCD0R0LACXX_L6_ARCGHmMAAHAABPEI_36_2.fq.gz,100,500,60X,BGI@CHOP
5664f5c5-718c-4fe1-8182-64276be1eb3b,NULL,7316-119-N,WGS,Illumina HiSeq,ARCGHmMAAHAAAPEI_34,1,illumina15,FCC194JACXX_L5,s3://cbttc.seq.data/data_12_pairs/7316_119/121011_I1082_FCC194JACXX_L5_ARCGHmMAAHAAAPEI_34/121011_I1082_FCC194JACXX_L5_ARCGHmMAAHAAAPEI_34_1.fq.gz,100,500,60X,BGI@CHOP
bfd3b912-c6b7-4101-972d-c8b48382e605,NULL,7316-119-N,WGS,Illumina HiSeq,ARCGHmMAAHAAAPEI_34,2,illumina15,FCC194JACXX_L5,s3://cbttc.seq.data/data_12_pairs/7316_119/121011_I1082_FCC194JACXX_L5_ARCGHmMAAHAAAPEI_34/121011_I1082_FCC194JACXX_L5_ARCGHmMAAHAAAPEI_34_2.fq.gz,100,500,60X,BGI@CHOP
efa93297-4dd0-4cbb-b2a0-4ac2daace7a0,NULL,7316-119-N,WGS,Illumina HiSeq,ARCGHmMAAHAABPEI_36,1,illumina15,FCC194JACXX_L6,s3://cbttc.seq.data/data_12_pairs/7316_119/121011_I1082_FCC194JACXX_L6_ARCGHmMAAHAABPEI_36/121011_I1082_FCC194JACXX_L6_ARCGHmMAAHAABPEI_36_1.fq.gz,100,500,60X,BGI@CHOP
41c69b6a-f0ae-4e7f-8b98-99b35edf1f12,NULL,7316-119-N,WGS,Illumina HiSeq,ARCGHmMAAHAABPEI_36,2,illumina15,FCC194JACXX_L6,s3://cbttc.seq.data/data_12_pairs/7316_119/121011_I1082_FCC194JACXX_L6_ARCGHmMAAHAABPEI_36/121011_I1082_FCC194JACXX_L6_ARCGHmMAAHAABPEI_36_2.fq.gz,100,500,60X,BGI@CHOP
67d6ca87-5922-4776-9579-7a5815294c3f,NULL,7316-119-N,WGS,Illumina HiSeq,ARCGHmMAAHAAAPEI_34,1,illumina15,FCD18Y7ACXX_L5,s3://cbttc.seq.data/data_12_pairs/7316_119/121016_I1074_FCD18Y7ACXX_L5_ARCGHmMAAHAAAPEI_34/121016_I1074_FCD18Y7ACXX_L5_ARCGHmMAAHAAAPEI_34_1.fq.gz,100,500,60X,BGI@CHOP
e937b758-9440-4343-ba74-8c39a412989e,NULL,7316-119-N,WGS,Illumina HiSeq,ARCGHmMAAHAAAPEI_34,2,illumina15,FCD18Y7ACXX_L5,s3://cbttc.seq.data/data_12_pairs/7316_119/121016_I1074_FCD18Y7ACXX_L5_ARCGHmMAAHAAAPEI_34/121016_I1074_FCD18Y7ACXX_L5_ARCGHmMAAHAAAPEI_34_2.fq.gz,100,500,60X,BGI@CHOP
20ad547c-2dc3-4177-bcc7-e80a7899f70f,NULL,7316-119-N,WGS,Illumina HiSeq,ARCGHmMAAHAABPEI_36,1,illumina15,FCD18Y7ACXX_L6,s3://cbttc.seq.data/data_12_pairs/7316_119/121016_I1074_FCD18Y7ACXX_L6_ARCGHmMAAHAABPEI_36/121016_I1074_FCD18Y7ACXX_L6_ARCGHmMAAHAABPEI_36_1.fq.gz,100,500,60X,BGI@CHOP
8a28a137-a3ef-4441-8536-28a1469cbc1d,NULL,7316-119-N,WGS,Illumina HiSeq,ARCGHmMAAHAABPEI_36,2,illumina15,FCD18Y7ACXX_L6,s3://cbttc.seq.data/data_12_pairs/7316_119/121016_I1074_FCD18Y7ACXX_L6_ARCGHmMAAHAABPEI_36/121016_I1074_FCD18Y7ACXX_L6_ARCGHmMAAHAABPEI_36_2.fq.gz,100,500,60X,BGI@CHOP
dd78d909-bf67-40d4-a7fb-cb1db4171622,NULL,7316-167-N,WGS,Illumina HiSeq,ARCGHmMAALAAAPEI_75,1,illumina15,FCD0R6NACXX_L5,s3://cbttc.seq.data/data_12_pairs/7316_167/121009_I1009_FCD0R6NACXX_L5_ARCGHmMAALAAAPEI_75/121009_I1009_FCD0R6NACXX_L5_ARCGHmMAALAAAPEI_75_1.fq.gz,100,500,60X,BGI@CHOP
35c6fa1a-9734-481c-b236-16b8caf1a218,NULL,7316-167-N,WGS,Illumina HiSeq,ARCGHmMAALAAAPEI_75,2,illumina15,FCD0R6NACXX_L5,s3://cbttc.seq.data/data_12_pairs/7316_167/121009_I1009_FCD0R6NACXX_L5_ARCGHmMAALAAAPEI_75/121009_I1009_FCD0R6NACXX_L5_ARCGHmMAALAAAPEI_75_2.fq.gz,100,500,60X,BGI@CHOP
23bf5196-4057-4170-8ddb-9a1cdb062cd6,NULL,7316-167-N,WGS,Illumina HiSeq,ARCGHmMAALAABPEI_88,1,illumina15,FCD0R6NACXX_L6,s3://cbttc.seq.data/data_12_pairs/7316_167/121009_I1009_FCD0R6NACXX_L6_ARCGHmMAALAABPEI_88/121009_I1009_FCD0R6NACXX_L6_ARCGHmMAALAABPEI_88_1.fq.gz,100,500,60X,BGI@CHOP
9fb02527-699d-4449-8a40-0cd4cef06085,NULL,7316-167-N,WGS,Illumina HiSeq,ARCGHmMAALAABPEI_88,2,illumina15,FCD0R6NACXX_L6,s3://cbttc.seq.data/data_12_pairs/7316_167/121009_I1009_FCD0R6NACXX_L6_ARCGHmMAALAABPEI_88/121009_I1009_FCD0R6NACXX_L6_ARCGHmMAALAABPEI_88_2.fq.gz,100,500,60X,BGI@CHOP
af53f218-fd17-4d4e-8af1-8b410e9b78b7,NULL,7316-167-N,WGS,Illumina HiSeq,ARCGHmMAALAAAPEI_75,1,illumina15,FCC0H9BACXX_L5,s3://cbttc.seq.data/data_12_pairs/7316_167/121011_I1082_FCC0H9BACXX_L5_ARCGHmMAALAAAPEI_75/121011_I1082_FCC0H9BACXX_L5_ARCGHmMAALAAAPEI_75_1.fq.gz,100,500,60X,BGI@CHOP
4a0b97c3-9a39-4520-8d43-e5598754b655,NULL,7316-167-N,WGS,Illumina HiSeq,ARCGHmMAALAAAPEI_75,2,illumina15,FCC0H9BACXX_L5,s3://cbttc.seq.data/data_12_pairs/7316_167/121011_I1082_FCC0H9BACXX_L5_ARCGHmMAALAAAPEI_75/121011_I1082_FCC0H9BACXX_L5_ARCGHmMAALAAAPEI_75_2.fq.gz,100,500,60X,BGI@CHOP
67315c3a-2f2a-4afa-bdf5-07b2c3950d47,NULL,7316-167-N,WGS,Illumina HiSeq,ARCGHmMAALAABPEI_88,1,illumina15,FCC0H9BACXX_L6,s3://cbttc.seq.data/data_12_pairs/7316_167/121011_I1082_FCC0H9BACXX_L6_ARCGHmMAALAABPEI_88/121011_I1082_FCC0H9BACXX_L6_ARCGHmMAALAABPEI_88_1.fq.gz,100,500,60X,BGI@CHOP
0d4003b7-4a92-46d9-a0b0-40b06c73783f,NULL,7316-167-N,WGS,Illumina HiSeq,ARCGHmMAALAABPEI_88,2,illumina15,FCC0H9BACXX_L6,s3://cbttc.seq.data/data_12_pairs/7316_167/121011_I1082_FCC0H9BACXX_L6_ARCGHmMAALAABPEI_88/121011_I1082_FCC0H9BACXX_L6_ARCGHmMAALAABPEI_88_2.fq.gz,100,500,60X,BGI@CHOP
7c5a794a-f422-4d9c-8a12-131dd6b38d2b,NULL,7316-167-N,WGS,Illumina HiSeq,ARCGHmMAALAAAPEI_75,1,illumina15,FCD193NACXX_L5,s3://cbttc.seq.data/data_12_pairs/7316_167/121018_I1089_FCD193NACXX_L5_ARCGHmMAALAAAPEI_75/121018_I1089_FCD193NACXX_L5_ARCGHmMAALAAAPEI_75_1.fq.gz,100,500,60X,BGI@CHOP
0962af53-3b2e-422b-99e9-fcf1eeb7373c,NULL,7316-167-N,WGS,Illumina HiSeq,ARCGHmMAALAAAPEI_75,2,illumina15,FCD193NACXX_L5,s3://cbttc.seq.data/data_12_pairs/7316_167/121018_I1089_FCD193NACXX_L5_ARCGHmMAALAAAPEI_75/121018_I1089_FCD193NACXX_L5_ARCGHmMAALAAAPEI_75_2.fq.gz,100,500,60X,BGI@CHOP
1f3ee3fa-c4c8-4db9-927f-de1e8f2ad305,NULL,7316-167-N,WGS,Illumina HiSeq,ARCGHmMAALAABPEI_88,1,illumina15,FCD193NACXX_L6,s3://cbttc.seq.data/data_12_pairs/7316_167/121018_I1089_FCD193NACXX_L6_ARCGHmMAALAABPEI_88/121018_I1089_FCD193NACXX_L6_ARCGHmMAALAABPEI_88_1.fq.gz,100,500,60X,BGI@CHOP
ff39d9d5-91b1-4807-83d6-07b7753a4228,NULL,7316-167-N,WGS,Illumina HiSeq,ARCGHmMAALAABPEI_88,2,illumina15,FCD193NACXX_L6,s3://cbttc.seq.data/data_12_pairs/7316_167/121018_I1089_FCD193NACXX_L6_ARCGHmMAALAABPEI_88/121018_I1089_FCD193NACXX_L6_ARCGHmMAALAABPEI_88_2.fq.gz,100,500,60X,BGI@CHOP
e207f6da-f1ea-48b7-bbdd-8756bc754eba,NULL,7316-167-T,WGS,Illumina HiSeq,ARCGHmMAAFAAAPEI_25,1,illumina15,FCD0R0LACXX_L1,s3://cbttc.seq.data/data_12_pairs/7316_167T/121009_I1009_FCD0R0LACXX_L1_ARCGHmMAAFAAAPEI_25/121009_I1009_FCD0R0LACXX_L1_ARCGHmMAAFAAAPEI_25_1.fq.gz,100,500,60X,BGI@CHOP
88c1b8f6-aedb-4fe2-bf1a-250408f2c069,NULL,7316-167-T,WGS,Illumina HiSeq,ARCGHmMAAFAAAPEI_25,2,illumina15,FCD0R0LACXX_L1,s3://cbttc.seq.data/data_12_pairs/7316_167T/121009_I1009_FCD0R0LACXX_L1_ARCGHmMAAFAAAPEI_25/121009_I1009_FCD0R0LACXX_L1_ARCGHmMAAFAAAPEI_25_2.fq.gz,100,500,60X,BGI@CHOP
f92e789e-6ba2-44a1-8353-4a393a002957,NULL,7316-167-T,WGS,Illumina HiSeq,ARCGHmMAAFAABPEI_26,1,illumina15,FCD0R0LACXX_L2,s3://cbttc.seq.data/data_12_pairs/7316_167T/121009_I1009_FCD0R0LACXX_L2_ARCGHmMAAFAABPEI_26/121009_I1009_FCD0R0LACXX_L2_ARCGHmMAAFAABPEI_26_1.fq.gz,100,500,60X,BGI@CHOP
444a0e4a-a21f-4503-a1f5-a21fbb9c31bd,NULL,7316-167-T,WGS,Illumina HiSeq,ARCGHmMAAFAABPEI_26,2,illumina15,FCD0R0LACXX_L2,s3://cbttc.seq.data/data_12_pairs/7316_167T/121009_I1009_FCD0R0LACXX_L2_ARCGHmMAAFAABPEI_26/121009_I1009_FCD0R0LACXX_L2_ARCGHmMAAFAABPEI_26_2.fq.gz,100,500,60X,BGI@CHOP
f4ece587-2ac0-4a53-9fd4-ff042cbe4783,NULL,7316-167-T,WGS,Illumina HiSeq,ARCGHmMAAFAAAPEI_25,1,illumina15,FCC194JACXX_L1,s3://cbttc.seq.data/data_12_pairs/7316_167T/121011_I1082_FCC194JACXX_L1_ARCGHmMAAFAAAPEI_25/121011_I1082_FCC194JACXX_L1_ARCGHmMAAFAAAPEI_25_1.fq.gz,100,500,60X,BGI@CHOP
4fd5ac62-6ed3-47fe-8548-add67b42a986,NULL,7316-167-T,WGS,Illumina HiSeq,ARCGHmMAAFAAAPEI_25,2,illumina15,FCC194JACXX_L1,s3://cbttc.seq.data/data_12_pairs/7316_167T/121011_I1082_FCC194JACXX_L1_ARCGHmMAAFAAAPEI_25/121011_I1082_FCC194JACXX_L1_ARCGHmMAAFAAAPEI_25_2.fq.gz,100,500,60X,BGI@CHOP
292f6fda-7545-4f3c-879e-562ffc7155ea,NULL,7316-167-T,WGS,Illumina HiSeq,ARCGHmMAAFAABPEI_26,1,illumina15,FCC194JACXX_L2,s3://cbttc.seq.data/data_12_pairs/7316_167T/121011_I1082_FCC194JACXX_L2_ARCGHmMAAFAABPEI_26/121011_I1082_FCC194JACXX_L2_ARCGHmMAAFAABPEI_26_1.fq.gz,100,500,60X,BGI@CHOP
c13ba4da-7f71-41ab-bc3c-7960ac25b6dc,NULL,7316-167-T,WGS,Illumina HiSeq,ARCGHmMAAFAABPEI_26,2,illumina15,FCC194JACXX_L2,s3://cbttc.seq.data/data_12_pairs/7316_167T/121011_I1082_FCC194JACXX_L2_ARCGHmMAAFAABPEI_26/121011_I1082_FCC194JACXX_L2_ARCGHmMAAFAABPEI_26_2.fq.gz,100,500,60X,BGI@CHOP
70a7bd9c-0ae0-49cf-bcd6-cf0e76d08f18,NULL,7316-167-T,WGS,Illumina HiSeq,ARCGHmMAAFAAAPEI_25,1,illumina15,FCD18Y7ACXX_L1,s3://cbttc.seq.data/data_12_pairs/7316_167T/121016_I1074_FCD18Y7ACXX_L1_ARCGHmMAAFAAAPEI_25/121016_I1074_FCD18Y7ACXX_L1_ARCGHmMAAFAAAPEI_25_1.fq.gz,100,500,60X,BGI@CHOP
67035e3c-0edd-4143-be6a-d823cf95d675,NULL,7316-167-T,WGS,Illumina HiSeq,ARCGHmMAAFAAAPEI_25,2,illumina15,FCD18Y7ACXX_L1,s3://cbttc.seq.data/data_12_pairs/7316_167T/121016_I1074_FCD18Y7ACXX_L1_ARCGHmMAAFAAAPEI_25/121016_I1074_FCD18Y7ACXX_L1_ARCGHmMAAFAAAPEI_25_2.fq.gz,100,500,60X,BGI@CHOP
9b9c2c8f-b92e-45a0-b49a-752adc75c590,NULL,7316-167-T,WGS,Illumina HiSeq,ARCGHmMAAFAABPEI_26,1,illumina15,FCD18Y7ACXX_L2,s3://cbttc.seq.data/data_12_pairs/7316_167T/121016_I1074_FCD18Y7ACXX_L2_ARCGHmMAAFAABPEI_26/121016_I1074_FCD18Y7ACXX_L2_ARCGHmMAAFAABPEI_26_1.fq.gz,100,500,60X,BGI@CHOP
3e99f578-eaf5-4adf-b564-9e48589fe64e,NULL,7316-167-T,WGS,Illumina HiSeq,ARCGHmMAAFAABPEI_26,2,illumina15,FCD18Y7ACXX_L2,s3://cbttc.seq.data/data_12_pairs/7316_167T/121016_I1074_FCD18Y7ACXX_L2_ARCGHmMAAFAABPEI_26/121016_I1074_FCD18Y7ACXX_L2_ARCGHmMAAFAABPEI_26_2.fq.gz,100,500,60X,BGI@CHOP
a028a9a4-4f37-4f57-bbf2-c1a7c61fd431,NULL,7316-33-N,WGS,Illumina HiSeq,ARCGHmMAAKAAAPEI_62,1,illumina15,FCD0R6NACXX_L3,s3://cbttc.seq.data/data_12_pairs/7316_33/121009_I1009_FCD0R6NACXX_L3_ARCGHmMAAKAAAPEI_62/121009_I1009_FCD0R6NACXX_L3_ARCGHmMAAKAAAPEI_62_1.fq.gz,100,500,60X,BGI@CHOP
c621f18e-9599-4b4a-95b8-937a82daf531,NULL,7316-33-N,WGS,Illumina HiSeq,ARCGHmMAAKAAAPEI_62,2,illumina15,FCD0R6NACXX_L3,s3://cbttc.seq.data/data_12_pairs/7316_33/121009_I1009_FCD0R6NACXX_L3_ARCGHmMAAKAAAPEI_62/121009_I1009_FCD0R6NACXX_L3_ARCGHmMAAKAAAPEI_62_2.fq.gz,100,500,60X,BGI@CHOP
634b0ff9-afa4-4660-8634-31c6e2a6420b,NULL,7316-33-N,WGS,Illumina HiSeq,ARCGHmMAAKAABPEI_74,1,illumina15,FCD0R6NACXX_L4,s3://cbttc.seq.data/data_12_pairs/7316_33/121009_I1009_FCD0R6NACXX_L4_ARCGHmMAAKAABPEI_74/121009_I1009_FCD0R6NACXX_L4_ARCGHmMAAKAABPEI_74_1.fq.gz,100,500,60X,BGI@CHOP
674a0a4c-36a0-4608-b8ce-dbb3d78023bc,NULL,7316-33-N,WGS,Illumina HiSeq,ARCGHmMAAKAABPEI_74,2,illumina15,FCD0R6NACXX_L4,s3://cbttc.seq.data/data_12_pairs/7316_33/121009_I1009_FCD0R6NACXX_L4_ARCGHmMAAKAABPEI_74/121009_I1009_FCD0R6NACXX_L4_ARCGHmMAAKAABPEI_74_2.fq.gz,100,500,60X,BGI@CHOP
44255f82-0af9-4963-8b15-6988c78afe4d,NULL,7316-33-N,WGS,Illumina HiSeq,ARCGHmMAAKAAAPEI_62,1,illumina15,FCC0H9BACXX_L3,s3://cbttc.seq.data/data_12_pairs/7316_33/121011_I1082_FCC0H9BACXX_L3_ARCGHmMAAKAAAPEI_62/121011_I1082_FCC0H9BACXX_L3_ARCGHmMAAKAAAPEI_62_1.fq.gz,100,500,60X,BGI@CHOP
977a85d5-afb2-45b5-a57f-f5eff2d868c0,NULL,7316-33-N,WGS,Illumina HiSeq,ARCGHmMAAKAAAPEI_62,2,illumina15,FCC0H9BACXX_L3,s3://cbttc.seq.data/data_12_pairs/7316_33/121011_I1082_FCC0H9BACXX_L3_ARCGHmMAAKAAAPEI_62/121011_I1082_FCC0H9BACXX_L3_ARCGHmMAAKAAAPEI_62_2.fq.gz,100,500,60X,BGI@CHOP
9f3dd4e4-35f6-4846-9b83-48fdf85a6740,NULL,7316-33-N,WGS,Illumina HiSeq,ARCGHmMAAKAABPEI_74,1,illumina15,FCC0H9BACXX_L4,s3://cbttc.seq.data/data_12_pairs/7316_33/121011_I1082_FCC0H9BACXX_L4_ARCGHmMAAKAABPEI_74/121011_I1082_FCC0H9BACXX_L4_ARCGHmMAAKAABPEI_74_1.fq.gz,100,500,60X,BGI@CHOP
f404d88f-cbc8-49a2-a36a-842061270017,NULL,7316-33-N,WGS,Illumina HiSeq,ARCGHmMAAKAABPEI_74,2,illumina15,FCC0H9BACXX_L4,s3://cbttc.seq.data/data_12_pairs/7316_33/121011_I1082_FCC0H9BACXX_L4_ARCGHmMAAKAABPEI_74/121011_I1082_FCC0H9BACXX_L4_ARCGHmMAAKAABPEI_74_2.fq.gz,100,500,60X,BGI@CHOP
dd6ffa41-f746-4e80-bf12-bd368b8c9166,NULL,7316-33-N,WGS,Illumina HiSeq,ARCGHmMAAKAAAPEI_62,1,illumina15,FCD193NACXX_L3,s3://cbttc.seq.data/data_12_pairs/7316_33/121018_I1089_FCD193NACXX_L3_ARCGHmMAAKAAAPEI_62/121018_I1089_FCD193NACXX_L3_ARCGHmMAAKAAAPEI_62_1.fq.gz,100,500,60X,BGI@CHOP
00855d28-408e-4af7-b3a5-be9d2b8786e5,NULL,7316-33-N,WGS,Illumina HiSeq,ARCGHmMAAKAAAPEI_62,2,illumina15,FCD193NACXX_L3,s3://cbttc.seq.data/data_12_pairs/7316_33/121018_I1089_FCD193NACXX_L3_ARCGHmMAAKAAAPEI_62/121018_I1089_FCD193NACXX_L3_ARCGHmMAAKAAAPEI_62_2.fq.gz,100,500,60X,BGI@CHOP
583f97ab-1241-4ee9-81b4-e37cc5f95509,NULL,7316-33-N,WGS,Illumina HiSeq,ARCGHmMAAKAABPEI_74,1,illumina15,FCD193NACXX_L4,s3://cbttc.seq.data/data_12_pairs/7316_33/121018_I1089_FCD193NACXX_L4_ARCGHmMAAKAABPEI_74/121018_I1089_FCD193NACXX_L4_ARCGHmMAAKAABPEI_74_1.fq.gz,100,500,60X,BGI@CHOP
1f69f1b2-c1a8-4ccb-87f7-29cb28858b80,NULL,7316-33-N,WGS,Illumina HiSeq,ARCGHmMAAKAABPEI_74,2,illumina15,FCD193NACXX_L4,s3://cbttc.seq.data/data_12_pairs/7316_33/121018_I1089_FCD193NACXX_L4_ARCGHmMAAKAABPEI_74/121018_I1089_FCD193NACXX_L4_ARCGHmMAAKAABPEI_74_2.fq.gz,100,500,60X,BGI@CHOP
b7319153-6f04-4de7-82a2-213a1e12a573,26335.26352,7316-33-T,WGS,Illumina HiSeq,ARCGHmMAADAAAPEI-34,1,illumina15,FCD1240ACXX_L8,s3://cbttc.seq.data/data_12_pairs/7316_33T/120920_I1074_FCD1240ACXX_L8_ARCGHmMAADAAAPEI-34/120920_I1074_FCD1240ACXX_L8_ARCGHmMAADAAAPEI-34_1.fq.gz,100,500,60X,BGI@CHOP
b6a19248-73d7-43d3-9a45-81946ba790ca,26335.26352,7316-33-T,WGS,Illumina HiSeq,ARCGHmMAADAAAPEI-34,2,illumina15,FCD1240ACXX_L8,s3://cbttc.seq.data/data_12_pairs/7316_33T/120920_I1074_FCD1240ACXX_L8_ARCGHmMAADAAAPEI-34/120920_I1074_FCD1240ACXX_L8_ARCGHmMAADAAAPEI-34_2.fq.gz,100,500,60X,BGI@CHOP
05e751f2-c7a8-44bf-a0ba-cdf4aa0ea0c4,26335.26352,7316-33-T,WGS,Illumina HiSeq,ARCGHmMAADAABPEI_36,1,illumina15,FCD0PNTACXX_L4,s3://cbttc.seq.data/data_12_pairs/7316_33T/120925_I1009_FCD0PNTACXX_L4_ARCGHmMAADAABPEI_36/120925_I1009_FCD0PNTACXX_L4_ARCGHmMAADAABPEI_36_1.fq.gz,100,500,60X,BGI@CHOP
ec936822-5317-4475-9bc1-2c00bc7a6869,26335.26352,7316-33-T,WGS,Illumina HiSeq,ARCGHmMAADAABPEI_36,2,illumina15,FCD0PNTACXX_L4,s3://cbttc.seq.data/data_12_pairs/7316_33T/120925_I1009_FCD0PNTACXX_L4_ARCGHmMAADAABPEI_36/120925_I1009_FCD0PNTACXX_L4_ARCGHmMAADAABPEI_36_2.fq.gz,100,500,60X,BGI@CHOP
2ddd02e6-b745-468d-9552-5d1d4c035194,26335.26352,7316-33-T,WGS,Illumina HiSeq,ARCGHmMAADAAAPEI_34,1,illumina15,FCD0PNTACXX_L8,s3://cbttc.seq.data/data_12_pairs/7316_33T/120925_I1009_FCD0PNTACXX_L8_ARCGHmMAADAAAPEI_34/120925_I1009_FCD0PNTACXX_L8_ARCGHmMAADAAAPEI_34_1.fq.gz,100,500,60X,BGI@CHOP
0473510c-f30e-41f2-999f-5a2fe4d3ff72,26335.26352,7316-33-T,WGS,Illumina HiSeq,ARCGHmMAADAAAPEI_34,2,illumina15,FCD0PNTACXX_L8,s3://cbttc.seq.data/data_12_pairs/7316_33T/120925_I1009_FCD0PNTACXX_L8_ARCGHmMAADAAAPEI_34/120925_I1009_FCD0PNTACXX_L8_ARCGHmMAADAAAPEI_34_2.fq.gz,100,500,60X,BGI@CHOP
84c68436-8e4a-4f0e-a5e5-8e73817266b8,26335.26352,7316-33-T,WGS,Illumina HiSeq,ARCGHmMAADAABPEI_36,1,illumina15,FCC0HGCACXX_L4,s3://cbttc.seq.data/data_12_pairs/7316_33T/120926_I1082_FCC0HGCACXX_L4_ARCGHmMAADAABPEI_36/120926_I1082_FCC0HGCACXX_L4_ARCGHmMAADAABPEI_36_1.fq.gz,100,500,60X,BGI@CHOP
ea1776fd-1a62-4952-a437-1ddbfaaeb22c,26335.26352,7316-33-T,WGS,Illumina HiSeq,ARCGHmMAADAABPEI_36,2,illumina15,FCC0HGCACXX_L4,s3://cbttc.seq.data/data_12_pairs/7316_33T/120926_I1082_FCC0HGCACXX_L4_ARCGHmMAADAABPEI_36/120926_I1082_FCC0HGCACXX_L4_ARCGHmMAADAABPEI_36_2.fq.gz,100,500,60X,BGI@CHOP
4e923df2-fb08-4945-99ea-31ff9c6c4d09,26335.26352,7316-33-T,WGS,Illumina HiSeq,ARCGHmMAADAAAPEI_34,1,illumina15,FCC0HGCACXX_L8,s3://cbttc.seq.data/data_12_pairs/7316_33T/120926_I1082_FCC0HGCACXX_L8_ARCGHmMAADAAAPEI_34/120926_I1082_FCC0HGCACXX_L8_ARCGHmMAADAAAPEI_34_1.fq.gz,100,500,60X,BGI@CHOP
19e03dcc-92e1-437b-93c4-e4303adb7363,26335.26352,7316-33-T,WGS,Illumina HiSeq,ARCGHmMAADAAAPEI_34,2,illumina15,FCC0HGCACXX_L8,s3://cbttc.seq.data/data_12_pairs/7316_33T/120926_I1082_FCC0HGCACXX_L8_ARCGHmMAADAAAPEI_34/120926_I1082_FCC0HGCACXX_L8_ARCGHmMAADAAAPEI_34_2.fq.gz,100,500,60X,BGI@CHOP
e12ea6ee-78f6-4c1f-9773-392fb0821cf1,26335.26352,7316-33-T,WGS,Illumina HiSeq,ARCGHmMAADAABPEI_36,1,illumina15,FCC0HHAACXX_L4,s3://cbttc.seq.data/data_12_pairs/7316_33T/121006_I1069_FCC0HHAACXX_L4_ARCGHmMAADAABPEI_36/121006_I1069_FCC0HHAACXX_L4_ARCGHmMAADAABPEI_36_1.fq.gz,100,500,60X,BGI@CHOP
d1651e8d-4426-4589-915a-4062363b6ec6,26335.26352,7316-33-T,WGS,Illumina HiSeq,ARCGHmMAADAABPEI_36,2,illumina15,FCC0HHAACXX_L4,s3://cbttc.seq.data/data_12_pairs/7316_33T/121006_I1069_FCC0HHAACXX_L4_ARCGHmMAADAABPEI_36/121006_I1069_FCC0HHAACXX_L4_ARCGHmMAADAABPEI_36_2.fq.gz,100,500,60X,BGI@CHOP
3314794d-f2f3-4970-99d5-d0eded0bfc4f,NULL,7316-35-N,WGS,Illumina HiSeq,ARCGHmMAAJAAAPEI_55,1,illumina15,FCD0R6NACXX_L1,s3://cbttc.seq.data/data_12_pairs/7316_35/121009_I1009_FCD0R6NACXX_L1_ARCGHmMAAJAAAPEI_55/121009_I1009_FCD0R6NACXX_L1_ARCGHmMAAJAAAPEI_55_1.fq.gz,100,500,60X,BGI@CHOP
56dd97f8-8e0f-4ae9-af12-983a0008b368,NULL,7316-35-N,WGS,Illumina HiSeq,ARCGHmMAAJAAAPEI_55,2,illumina15,FCD0R6NACXX_L1,s3://cbttc.seq.data/data_12_pairs/7316_35/121009_I1009_FCD0R6NACXX_L1_ARCGHmMAAJAAAPEI_55/121009_I1009_FCD0R6NACXX_L1_ARCGHmMAAJAAAPEI_55_2.fq.gz,100,500,60X,BGI@CHOP
d450919a-ae43-4bab-970e-4f57547b0a0b,NULL,7316-35-N,WGS,Illumina HiSeq,ARCGHmMAAJAABPEI_56,1,illumina15,FCD0R6NACXX_L2,s3://cbttc.seq.data/data_12_pairs/7316_35/121009_I1009_FCD0R6NACXX_L2_ARCGHmMAAJAABPEI_56/121009_I1009_FCD0R6NACXX_L2_ARCGHmMAAJAABPEI_56_1.fq.gz,100,500,60X,BGI@CHOP
ea654e87-e054-48e2-a969-fe8c6778e958,NULL,7316-35-N,WGS,Illumina HiSeq,ARCGHmMAAJAABPEI_56,2,illumina15,FCD0R6NACXX_L2,s3://cbttc.seq.data/data_12_pairs/7316_35/121009_I1009_FCD0R6NACXX_L2_ARCGHmMAAJAABPEI_56/121009_I1009_FCD0R6NACXX_L2_ARCGHmMAAJAABPEI_56_2.fq.gz,100,500,60X,BGI@CHOP
f8d02f57-f335-4a0d-be1a-059f198fbd0e,NULL,7316-35-N,WGS,Illumina HiSeq,ARCGHmMAAJAAAPEI_55,1,illumina15,FCC0H9BACXX_L1,s3://cbttc.seq.data/data_12_pairs/7316_35/121011_I1082_FCC0H9BACXX_L1_ARCGHmMAAJAAAPEI_55/121011_I1082_FCC0H9BACXX_L1_ARCGHmMAAJAAAPEI_55_1.fq.gz,100,500,60X,BGI@CHOP
c654423c-e31d-4dd0-bbdb-b951b1bd9b09,NULL,7316-35-N,WGS,Illumina HiSeq,ARCGHmMAAJAAAPEI_55,2,illumina15,FCC0H9BACXX_L1,s3://cbttc.seq.data/data_12_pairs/7316_35/121011_I1082_FCC0H9BACXX_L1_ARCGHmMAAJAAAPEI_55/121011_I1082_FCC0H9BACXX_L1_ARCGHmMAAJAAAPEI_55_2.fq.gz,100,500,60X,BGI@CHOP
30e6d680-f874-4f31-acee-a1940dc5b2b5,NULL,7316-35-N,WGS,Illumina HiSeq,ARCGHmMAAJAABPEI_56,1,illumina15,FCC0H9BACXX_L2,s3://cbttc.seq.data/data_12_pairs/7316_35/121011_I1082_FCC0H9BACXX_L2_ARCGHmMAAJAABPEI_56/121011_I1082_FCC0H9BACXX_L2_ARCGHmMAAJAABPEI_56_1.fq.gz,100,500,60X,BGI@CHOP
f39f17bc-94e7-430c-b598-47cfbef6ebe0,NULL,7316-35-N,WGS,Illumina HiSeq,ARCGHmMAAJAABPEI_56,2,illumina15,FCC0H9BACXX_L2,s3://cbttc.seq.data/data_12_pairs/7316_35/121011_I1082_FCC0H9BACXX_L2_ARCGHmMAAJAABPEI_56/121011_I1082_FCC0H9BACXX_L2_ARCGHmMAAJAABPEI_56_2.fq.gz,100,500,60X,BGI@CHOP
5c6d17ea-5372-4bdc-99c4-ddf4a406acce,NULL,7316-35-N,WGS,Illumina HiSeq,ARCGHmMAAJAAAPEI_55,1,illumina15,FCD193NACXX_L1,s3://cbttc.seq.data/data_12_pairs/7316_35/121018_I1089_FCD193NACXX_L1_ARCGHmMAAJAAAPEI_55/121018_I1089_FCD193NACXX_L1_ARCGHmMAAJAAAPEI_55_1.fq.gz,100,500,60X,BGI@CHOP
950469a1-bb28-4386-a8ff-fabfa9fd5f0f,NULL,7316-35-N,WGS,Illumina HiSeq,ARCGHmMAAJAAAPEI_55,2,illumina15,FCD193NACXX_L1,s3://cbttc.seq.data/data_12_pairs/7316_35/121018_I1089_FCD193NACXX_L1_ARCGHmMAAJAAAPEI_55/121018_I1089_FCD193NACXX_L1_ARCGHmMAAJAAAPEI_55_2.fq.gz,100,500,60X,BGI@CHOP
edaeccf5-7a63-49a1-af9d-eed89b696a9b,NULL,7316-35-N,WGS,Illumina HiSeq,ARCGHmMAAJAABPEI_56,1,illumina15,FCD193NACXX_L2,s3://cbttc.seq.data/data_12_pairs/7316_35/121018_I1089_FCD193NACXX_L2_ARCGHmMAAJAABPEI_56/121018_I1089_FCD193NACXX_L2_ARCGHmMAAJAABPEI_56_1.fq.gz,100,500,60X,BGI@CHOP
991b1772-332b-4e96-8972-9ae85119876f,NULL,7316-35-N,WGS,Illumina HiSeq,ARCGHmMAAJAABPEI_56,2,illumina15,FCD193NACXX_L2,s3://cbttc.seq.data/data_12_pairs/7316_35/121018_I1089_FCD193NACXX_L2_ARCGHmMAAJAABPEI_56/121018_I1089_FCD193NACXX_L2_ARCGHmMAAJAABPEI_56_2.fq.gz,100,500,60X,BGI@CHOP
71be119f-a4a0-41f6-8776-229ef4b2a16c,27190,7316-35-T,WGS,Illumina HiSeq,ARCGHmMAACAAAPEI-31,1,illumina15,FCD1240ACXX_L7,s3://cbttc.seq.data/data_12_pairs/7316_35T/120920_I1074_FCD1240ACXX_L7_ARCGHmMAACAAAPEI-31/120920_I1074_FCD1240ACXX_L7_ARCGHmMAACAAAPEI-31_1.fq.gz,100,500,60X,BGI@CHOP
a393a33e-b898-4b92-ad92-1f98215f7b75,27190,7316-35-T,WGS,Illumina HiSeq,ARCGHmMAACAAAPEI-31,2,illumina15,FCD1240ACXX_L7,s3://cbttc.seq.data/data_12_pairs/7316_35T/120920_I1074_FCD1240ACXX_L7_ARCGHmMAACAAAPEI-31/120920_I1074_FCD1240ACXX_L7_ARCGHmMAACAAAPEI-31_2.fq.gz,100,500,60X,BGI@CHOP
4f6ab61f-554c-4943-9ae5-8f10297f88b5,27190,7316-35-T,WGS,Illumina HiSeq,ARCGHmMAACAABPEI_33,1,illumina15,FCD0PNTACXX_L3,s3://cbttc.seq.data/data_12_pairs/7316_35T/120925_I1009_FCD0PNTACXX_L3_ARCGHmMAACAABPEI_33/120925_I1009_FCD0PNTACXX_L3_ARCGHmMAACAABPEI_33_1.fq.gz,100,500,60X,BGI@CHOP
7225f946-3fe4-4d3e-a8a2-fcd1ae4c9427,27190,7316-35-T,WGS,Illumina HiSeq,ARCGHmMAACAABPEI_33,2,illumina15,FCD0PNTACXX_L3,s3://cbttc.seq.data/data_12_pairs/7316_35T/120925_I1009_FCD0PNTACXX_L3_ARCGHmMAACAABPEI_33/120925_I1009_FCD0PNTACXX_L3_ARCGHmMAACAABPEI_33_2.fq.gz,100,500,60X,BGI@CHOP
266c4c35-2454-4581-858d-dcba7f99852f,27190,7316-35-T,WGS,Illumina HiSeq,ARCGHmMAACAAAPEI_31,1,illumina15,FCD0PNTACXX_L7,s3://cbttc.seq.data/data_12_pairs/7316_35T/120925_I1009_FCD0PNTACXX_L7_ARCGHmMAACAAAPEI_31/120925_I1009_FCD0PNTACXX_L7_ARCGHmMAACAAAPEI_31_1.fq.gz,100,500,60X,BGI@CHOP
d1370b43-20e8-4bea-a716-4a0bd848a0bc,27190,7316-35-T,WGS,Illumina HiSeq,ARCGHmMAACAAAPEI_31,2,illumina15,FCD0PNTACXX_L7,s3://cbttc.seq.data/data_12_pairs/7316_35T/120925_I1009_FCD0PNTACXX_L7_ARCGHmMAACAAAPEI_31/120925_I1009_FCD0PNTACXX_L7_ARCGHmMAACAAAPEI_31_2.fq.gz,100,500,60X,BGI@CHOP
4191949f-dc9a-4159-bddb-7481ccaccbce,27190,7316-35-T,WGS,Illumina HiSeq,ARCGHmMAACAABPEI_33,1,illumina15,FCC0HGCACXX_L3,s3://cbttc.seq.data/data_12_pairs/7316_35T/120926_I1082_FCC0HGCACXX_L3_ARCGHmMAACAABPEI_33/120926_I1082_FCC0HGCACXX_L3_ARCGHmMAACAABPEI_33_1.fq.gz,100,500,60X,BGI@CHOP
c7811c7f-583b-4848-8de2-1d88122bc428,27190,7316-35-T,WGS,Illumina HiSeq,ARCGHmMAACAABPEI_33,2,illumina15,FCC0HGCACXX_L3,s3://cbttc.seq.data/data_12_pairs/7316_35T/120926_I1082_FCC0HGCACXX_L3_ARCGHmMAACAABPEI_33/120926_I1082_FCC0HGCACXX_L3_ARCGHmMAACAABPEI_33_2.fq.gz,100,500,60X,BGI@CHOP
aaf812ab-0da1-4feb-b479-fd9b570a4fe3,27190,7316-35-T,WGS,Illumina HiSeq,ARCGHmMAACAAAPEI_31,1,illumina15,FCC0HGCACXX_L7,s3://cbttc.seq.data/data_12_pairs/7316_35T/120926_I1082_FCC0HGCACXX_L7_ARCGHmMAACAAAPEI_31/120926_I1082_FCC0HGCACXX_L7_ARCGHmMAACAAAPEI_31_1.fq.gz,100,500,60X,BGI@CHOP
6c32d51d-d0b4-4a60-a94f-b323a7b67ae2,27190,7316-35-T,WGS,Illumina HiSeq,ARCGHmMAACAAAPEI_31,2,illumina15,FCC0HGCACXX_L7,s3://cbttc.seq.data/data_12_pairs/7316_35T/120926_I1082_FCC0HGCACXX_L7_ARCGHmMAACAAAPEI_31/120926_I1082_FCC0HGCACXX_L7_ARCGHmMAACAAAPEI_31_2.fq.gz,100,500,60X,BGI@CHOP
87f691a5-43b7-4943-a34e-ee0254f46d54,27190,7316-35-T,WGS,Illumina HiSeq,ARCGHmMAACAABPEI_33,1,illumina15,FCC0HHAACXX_L3,s3://cbttc.seq.data/data_12_pairs/7316_35T/121006_I1069_FCC0HHAACXX_L3_ARCGHmMAACAABPEI_33/121006_I1069_FCC0HHAACXX_L3_ARCGHmMAACAABPEI_33_1.fq.gz,100,500,60X,BGI@CHOP
de57d781-e3c6-4de3-98f9-7066b0abee79,27190,7316-35-T,WGS,Illumina HiSeq,ARCGHmMAACAABPEI_33,2,illumina15,FCC0HHAACXX_L3,s3://cbttc.seq.data/data_12_pairs/7316_35T/121006_I1069_FCC0HHAACXX_L3_ARCGHmMAACAABPEI_33/121006_I1069_FCC0HHAACXX_L3_ARCGHmMAACAABPEI_33_2.fq.gz,100,500,60X,BGI@CHOP
92039335-4f99-4b6f-b6d1-6b3f8ebba330,NULL,7316-50-N,WGS,Illumina HiSeq,ARCGHmMAAGAAAPEI_31,1,illumina15,FCD0R0LACXX_L3,s3://cbttc.seq.data/data_12_pairs/7316_50/121009_I1009_FCD0R0LACXX_L3_ARCGHmMAAGAAAPEI_31/121009_I1009_FCD0R0LACXX_L3_ARCGHmMAAGAAAPEI_31_1.fq.gz,100,500,60X,BGI@CHOP
e7478de5-1cf3-4ab5-ad29-bd0eb04eba3a,NULL,7316-50-N,WGS,Illumina HiSeq,ARCGHmMAAGAAAPEI_31,2,illumina15,FCD0R0LACXX_L3,s3://cbttc.seq.data/data_12_pairs/7316_50/121009_I1009_FCD0R0LACXX_L3_ARCGHmMAAGAAAPEI_31/121009_I1009_FCD0R0LACXX_L3_ARCGHmMAAGAAAPEI_31_2.fq.gz,100,500,60X,BGI@CHOP
58599178-c978-43bc-9ef6-39e6ebe8edce,NULL,7316-50-N,WGS,Illumina HiSeq,ARCGHmMAAGAABPEI_33,1,illumina15,FCD0R0LACXX_L4,s3://cbttc.seq.data/data_12_pairs/7316_50/121009_I1009_FCD0R0LACXX_L4_ARCGHmMAAGAABPEI_33/121009_I1009_FCD0R0LACXX_L4_ARCGHmMAAGAABPEI_33_1.fq.gz,100,500,60X,BGI@CHOP
55ad8d7c-0218-447a-a754-f36842f58495,NULL,7316-50-N,WGS,Illumina HiSeq,ARCGHmMAAGAABPEI_33,2,illumina15,FCD0R0LACXX_L4,s3://cbttc.seq.data/data_12_pairs/7316_50/121009_I1009_FCD0R0LACXX_L4_ARCGHmMAAGAABPEI_33/121009_I1009_FCD0R0LACXX_L4_ARCGHmMAAGAABPEI_33_2.fq.gz,100,500,60X,BGI@CHOP
8521c8a2-a601-4bfa-978c-aba81b3283b4,NULL,7316-50-N,WGS,Illumina HiSeq,ARCGHmMAAGAAAPEI_31,1,illumina15,FCC194JACXX_L3,s3://cbttc.seq.data/data_12_pairs/7316_50/121011_I1082_FCC194JACXX_L3_ARCGHmMAAGAAAPEI_31/121011_I1082_FCC194JACXX_L3_ARCGHmMAAGAAAPEI_31_1.fq.gz,100,500,60X,BGI@CHOP
ec1cb287-bca8-4e10-a755-680c3491d0c0,NULL,7316-50-N,WGS,Illumina HiSeq,ARCGHmMAAGAAAPEI_31,2,illumina15,FCC194JACXX_L3,s3://cbttc.seq.data/data_12_pairs/7316_50/121011_I1082_FCC194JACXX_L3_ARCGHmMAAGAAAPEI_31/121011_I1082_FCC194JACXX_L3_ARCGHmMAAGAAAPEI_31_2.fq.gz,100,500,60X,BGI@CHOP
0d608eea-3859-4313-aafa-af24d0954396,NULL,7316-50-N,WGS,Illumina HiSeq,ARCGHmMAAGAABPEI_33,1,illumina15,FCC194JACXX_L4,s3://cbttc.seq.data/data_12_pairs/7316_50/121011_I1082_FCC194JACXX_L4_ARCGHmMAAGAABPEI_33/121011_I1082_FCC194JACXX_L4_ARCGHmMAAGAABPEI_33_1.fq.gz,100,500,60X,BGI@CHOP
74e4fa87-6055-43c3-9dd0-f81dc087709b,NULL,7316-50-N,WGS,Illumina HiSeq,ARCGHmMAAGAABPEI_33,2,illumina15,FCC194JACXX_L4,s3://cbttc.seq.data/data_12_pairs/7316_50/121011_I1082_FCC194JACXX_L4_ARCGHmMAAGAABPEI_33/121011_I1082_FCC194JACXX_L4_ARCGHmMAAGAABPEI_33_2.fq.gz,100,500,60X,BGI@CHOP
ab09d671-13bb-4e2d-8e05-ec7be8fa7c8b,NULL,7316-50-N,WGS,Illumina HiSeq,ARCGHmMAAGAAAPEI_31,1,illumina15,FCD18Y7ACXX_L3,s3://cbttc.seq.data/data_12_pairs/7316_50/121016_I1074_FCD18Y7ACXX_L3_ARCGHmMAAGAAAPEI_31/121016_I1074_FCD18Y7ACXX_L3_ARCGHmMAAGAAAPEI_31_1.fq.gz,100,500,60X,BGI@CHOP
028c4751-a6a7-4050-a490-8f23651a22cd,NULL,7316-50-N,WGS,Illumina HiSeq,ARCGHmMAAGAAAPEI_31,2,illumina15,FCD18Y7ACXX_L3,s3://cbttc.seq.data/data_12_pairs/7316_50/121016_I1074_FCD18Y7ACXX_L3_ARCGHmMAAGAAAPEI_31/121016_I1074_FCD18Y7ACXX_L3_ARCGHmMAAGAAAPEI_31_2.fq.gz,100,500,60X,BGI@CHOP
79684f4a-c104-45df-81f3-48fd67652852,NULL,7316-50-N,WGS,Illumina HiSeq,ARCGHmMAAGAABPEI_33,1,illumina15,FCD18Y7ACXX_L4,s3://cbttc.seq.data/data_12_pairs/7316_50/121016_I1074_FCD18Y7ACXX_L4_ARCGHmMAAGAABPEI_33/121016_I1074_FCD18Y7ACXX_L4_ARCGHmMAAGAABPEI_33_1.fq.gz,100,500,60X,BGI@CHOP
1a325274-3f09-4a7c-99a6-62613ae4588e,NULL,7316-50-N,WGS,Illumina HiSeq,ARCGHmMAAGAABPEI_33,2,illumina15,FCD18Y7ACXX_L4,s3://cbttc.seq.data/data_12_pairs/7316_50/121016_I1074_FCD18Y7ACXX_L4_ARCGHmMAAGAABPEI_33/121016_I1074_FCD18Y7ACXX_L4_ARCGHmMAAGAABPEI_33_2.fq.gz,100,500,60X,BGI@CHOP
fdedf6cd-9769-455f-9233-16b5972d6f29,NULL,7316-84-N,WGS,Illumina HiSeq,ARCGHmMAAIAAAPEI_37,1,illumina15,FCD0R0LACXX_L7,s3://cbttc.seq.data/data_12_pairs/7316_84/121009_I1009_FCD0R0LACXX_L7_ARCGHmMAAIAAAPEI_37/121009_I1009_FCD0R0LACXX_L7_ARCGHmMAAIAAAPEI_37_1.fq.gz,100,500,60X,BGI@CHOP
64124081-abd5-4235-8e79-ed4ee3392a3d,NULL,7316-84-N,WGS,Illumina HiSeq,ARCGHmMAAIAAAPEI_37,2,illumina15,FCD0R0LACXX_L7,s3://cbttc.seq.data/data_12_pairs/7316_84/121009_I1009_FCD0R0LACXX_L7_ARCGHmMAAIAAAPEI_37/121009_I1009_FCD0R0LACXX_L7_ARCGHmMAAIAAAPEI_37_2.fq.gz,100,500,60X,BGI@CHOP
61203ae7-6f63-43de-8fb4-0532e368ba14,NULL,7316-84-N,WGS,Illumina HiSeq,ARCGHmMAAIAABPEI_41,1,illumina15,FCD0R0LACXX_L8,s3://cbttc.seq.data/data_12_pairs/7316_84/121009_I1009_FCD0R0LACXX_L8_ARCGHmMAAIAABPEI_41/121009_I1009_FCD0R0LACXX_L8_ARCGHmMAAIAABPEI_41_1.fq.gz,100,500,60X,BGI@CHOP
0c4747ff-187c-4d39-b0af-8dff822554a4,NULL,7316-84-N,WGS,Illumina HiSeq,ARCGHmMAAIAABPEI_41,2,illumina15,FCD0R0LACXX_L8,s3://cbttc.seq.data/data_12_pairs/7316_84/121009_I1009_FCD0R0LACXX_L8_ARCGHmMAAIAABPEI_41/121009_I1009_FCD0R0LACXX_L8_ARCGHmMAAIAABPEI_41_2.fq.gz,100,500,60X,BGI@CHOP
4988c524-961a-40a1-a816-ae3f391522e0,NULL,7316-84-N,WGS,Illumina HiSeq,ARCGHmMAAIAAAPEI_37,1,illumina15,FCC194JACXX_L7,s3://cbttc.seq.data/data_12_pairs/7316_84/121011_I1082_FCC194JACXX_L7_ARCGHmMAAIAAAPEI_37/121011_I1082_FCC194JACXX_L7_ARCGHmMAAIAAAPEI_37_1.fq.gz,100,500,60X,BGI@CHOP
e48b6f12-19a9-4271-b128-519e8eae5a3d,NULL,7316-84-N,WGS,Illumina HiSeq,ARCGHmMAAIAAAPEI_37,2,illumina15,FCC194JACXX_L7,s3://cbttc.seq.data/data_12_pairs/7316_84/121011_I1082_FCC194JACXX_L7_ARCGHmMAAIAAAPEI_37/121011_I1082_FCC194JACXX_L7_ARCGHmMAAIAAAPEI_37_2.fq.gz,100,500,60X,BGI@CHOP
eabab0e8-c04c-4cc3-82ad-bb1743f4ebd8,NULL,7316-84-N,WGS,Illumina HiSeq,ARCGHmMAAIAABPEI_41,1,illumina15,FCC194JACXX_L8,s3://cbttc.seq.data/data_12_pairs/7316_84/121011_I1082_FCC194JACXX_L8_ARCGHmMAAIAABPEI_41/121011_I1082_FCC194JACXX_L8_ARCGHmMAAIAABPEI_41_1.fq.gz,100,500,60X,BGI@CHOP
0d7dcf00-974c-4090-83aa-bf4bcdc378c5,NULL,7316-84-N,WGS,Illumina HiSeq,ARCGHmMAAIAABPEI_41,2,illumina15,FCC194JACXX_L8,s3://cbttc.seq.data/data_12_pairs/7316_84/121011_I1082_FCC194JACXX_L8_ARCGHmMAAIAABPEI_41/121011_I1082_FCC194JACXX_L8_ARCGHmMAAIAABPEI_41_2.fq.gz,100,500,60X,BGI@CHOP
bc9aa669-4361-45f4-ac45-9e464136e961,NULL,7316-84-N,WGS,Illumina HiSeq,ARCGHmMAAIAAAPEI_37,1,illumina15,FCD18Y7ACXX_L7,s3://cbttc.seq.data/data_12_pairs/7316_84/121016_I1074_FCD18Y7ACXX_L7_ARCGHmMAAIAAAPEI_37/121016_I1074_FCD18Y7ACXX_L7_ARCGHmMAAIAAAPEI_37_1.fq.gz,100,500,60X,BGI@CHOP
41873b36-4d66-4d86-a59f-4da7c8010be2,NULL,7316-84-N,WGS,Illumina HiSeq,ARCGHmMAAIAAAPEI_37,2,illumina15,FCD18Y7ACXX_L7,s3://cbttc.seq.data/data_12_pairs/7316_84/121016_I1074_FCD18Y7ACXX_L7_ARCGHmMAAIAAAPEI_37/121016_I1074_FCD18Y7ACXX_L7_ARCGHmMAAIAAAPEI_37_2.fq.gz,100,500,60X,BGI@CHOP
f0e05bf4-8df7-42f3-ab55-83053e2e44fc,NULL,7316-84-N,WGS,Illumina HiSeq,ARCGHmMAAIAABPEI_41,1,illumina15,FCD18Y7ACXX_L8,s3://cbttc.seq.data/data_12_pairs/7316_84/121016_I1074_FCD18Y7ACXX_L8_ARCGHmMAAIAABPEI_41/121016_I1074_FCD18Y7ACXX_L8_ARCGHmMAAIAABPEI_41_1.fq.gz,100,500,60X,BGI@CHOP
9797ccaf-cf9b-4c73-9e54-a5ecbd898b87,NULL,7316-84-N,WGS,Illumina HiSeq,ARCGHmMAAIAABPEI_41,2,illumina15,FCD18Y7ACXX_L8,s3://cbttc.seq.data/data_12_pairs/7316_84/121016_I1074_FCD18Y7ACXX_L8_ARCGHmMAAIAABPEI_41/121016_I1074_FCD18Y7ACXX_L8_ARCGHmMAAIAABPEI_41_2.fq.gz,100,500,60X,BGI@CHOP
16c795c9-3b36-4fef-afa6-b3844523e7ab,61060,7316-84-T,WGS,Illumina HiSeq,ARCGHmMAAEAAAPEI_19,1,illumina15,FCC0HHAACXX_L7,s3://cbttc.seq.data/data_12_pairs/7316_84T/121006_I1069_FCC0HHAACXX_L7_ARCGHmMAAEAAAPEI_19/121006_I1069_FCC0HHAACXX_L7_ARCGHmMAAEAAAPEI_19_1.fq.gz,100,500,60X,BGI@CHOP
2b690f3c-f6ef-4e76-9ef2-d99c012f5eca,61060,7316-84-T,WGS,Illumina HiSeq,ARCGHmMAAEAAAPEI_19,2,illumina15,FCC0HHAACXX_L7,s3://cbttc.seq.data/data_12_pairs/7316_84T/121006_I1069_FCC0HHAACXX_L7_ARCGHmMAAEAAAPEI_19/121006_I1069_FCC0HHAACXX_L7_ARCGHmMAAEAAAPEI_19_2.fq.gz,100,500,60X,BGI@CHOP
07e4c9eb-8d9d-4c59-a686-8ca51093ea96,61060,7316-84-T,WGS,Illumina HiSeq,ARCGHmMAAEAABPEI_24,1,illumina15,FCC0HHAACXX_L8,s3://cbttc.seq.data/data_12_pairs/7316_84T/121006_I1069_FCC0HHAACXX_L8_ARCGHmMAAEAABPEI_24/121006_I1069_FCC0HHAACXX_L8_ARCGHmMAAEAABPEI_24_1.fq.gz,100,500,60X,BGI@CHOP
3eeef20c-73f4-4de2-ac74-82ee6aa68ebc,61060,7316-84-T,WGS,Illumina HiSeq,ARCGHmMAAEAABPEI_24,2,illumina15,FCC0HHAACXX_L8,s3://cbttc.seq.data/data_12_pairs/7316_84T/121006_I1069_FCC0HHAACXX_L8_ARCGHmMAAEAABPEI_24/121006_I1069_FCC0HHAACXX_L8_ARCGHmMAAEAABPEI_24_2.fq.gz,100,500,60X,BGI@CHOP
6bce4337-5722-4c18-b5d4-00f71529075c,61060,7316-84-T,WGS,Illumina HiSeq,ARCGHmMAAEAAAPEI_19,1,illumina15,FCD0R6NACXX_L7,s3://cbttc.seq.data/data_12_pairs/7316_84T/121009_I1009_FCD0R6NACXX_L7_ARCGHmMAAEAAAPEI_19/121009_I1009_FCD0R6NACXX_L7_ARCGHmMAAEAAAPEI_19_1.fq.gz,100,500,60X,BGI@CHOP
f0243728-c2b6-4adb-9ae0-afcc4ec85f55,61060,7316-84-T,WGS,Illumina HiSeq,ARCGHmMAAEAAAPEI_19,2,illumina15,FCD0R6NACXX_L7,s3://cbttc.seq.data/data_12_pairs/7316_84T/121009_I1009_FCD0R6NACXX_L7_ARCGHmMAAEAAAPEI_19/121009_I1009_FCD0R6NACXX_L7_ARCGHmMAAEAAAPEI_19_2.fq.gz,100,500,60X,BGI@CHOP
9c843c5f-fce0-48fd-baaf-49be0ba3942c,61060,7316-84-T,WGS,Illumina HiSeq,ARCGHmMAAEAABPEI_24,1,illumina15,FCD0R6NACXX_L8,s3://cbttc.seq.data/data_12_pairs/7316_84T/121009_I1009_FCD0R6NACXX_L8_ARCGHmMAAEAABPEI_24/121009_I1009_FCD0R6NACXX_L8_ARCGHmMAAEAABPEI_24_1.fq.gz,100,500,60X,BGI@CHOP
fbde9608-d0af-47ca-9f0f-e14411928943,61060,7316-84-T,WGS,Illumina HiSeq,ARCGHmMAAEAABPEI_24,2,illumina15,FCD0R6NACXX_L8,s3://cbttc.seq.data/data_12_pairs/7316_84T/121009_I1009_FCD0R6NACXX_L8_ARCGHmMAAEAABPEI_24/121009_I1009_FCD0R6NACXX_L8_ARCGHmMAAEAABPEI_24_2.fq.gz,100,500,60X,BGI@CHOP
d9a0a636-92f6-4969-abd4-b9d4f19689d4,61060,7316-84-T,WGS,Illumina HiSeq,ARCGHmMAAEAAAPEI_19,1,illumina15,FCC0H9BACXX_L7,s3://cbttc.seq.data/data_12_pairs/7316_84T/121011_I1082_FCC0H9BACXX_L7_ARCGHmMAAEAAAPEI_19/121011_I1082_FCC0H9BACXX_L7_ARCGHmMAAEAAAPEI_19_1.fq.gz,100,500,60X,BGI@CHOP
7a1c93ae-1046-42dc-bcd0-58d3aad9607b,61060,7316-84-T,WGS,Illumina HiSeq,ARCGHmMAAEAAAPEI_19,2,illumina15,FCC0H9BACXX_L7,s3://cbttc.seq.data/data_12_pairs/7316_84T/121011_I1082_FCC0H9BACXX_L7_ARCGHmMAAEAAAPEI_19/121011_I1082_FCC0H9BACXX_L7_ARCGHmMAAEAAAPEI_19_2.fq.gz,100,500,60X,BGI@CHOP
407b4c11-de90-4d64-ab38-0d608ffffc59,61060,7316-84-T,WGS,Illumina HiSeq,ARCGHmMAAEAABPEI_24,1,illumina15,FCC0H9BACXX_L8,s3://cbttc.seq.data/data_12_pairs/7316_84T/121011_I1082_FCC0H9BACXX_L8_ARCGHmMAAEAABPEI_24/121011_I1082_FCC0H9BACXX_L8_ARCGHmMAAEAABPEI_24_1.fq.gz,100,500,60X,BGI@CHOP
fbe640ca-1c94-4d7b-9226-5b639d6391df,61060,7316-84-T,WGS,Illumina HiSeq,ARCGHmMAAEAABPEI_24,2,illumina15,FCC0H9BACXX_L8,s3://cbttc.seq.data/data_12_pairs/7316_84T/121011_I1082_FCC0H9BACXX_L8_ARCGHmMAAEAABPEI_24/121011_I1082_FCC0H9BACXX_L8_ARCGHmMAAEAABPEI_24_2.fq.gz,100,500,60X,BGI@CHOP
44f7ec77-c9db-4285-b963-b10202f8bcd3,NULL,7316-176-N,WGS,Illumina HiSeq,ARCGHmM136ACAAAPEI-25,1,illumina15,FCC5C93ACXX_L7,s3://cbttc.seq.data/CPF1407010_ganglioioma/176B/140815_I1089_FCC5C93ACXX_L7_ARCGHmM136ACAAAPEI-25/140815_I1089_FCC5C93ACXX_L7_ARCGHmM136ACAAAPEI-25_1.fq.gz,100,500,30X,BGI@CHOP
94eee900-46bf-49d3-bfd8-5e11292765a1,NULL,7316-176-N,WGS,Illumina HiSeq,ARCGHmM136ACAAAPEI-25,2,illumina15,FCC5C93ACXX_L7,s3://cbttc.seq.data/CPF1407010_ganglioioma/176B/140815_I1089_FCC5C93ACXX_L7_ARCGHmM136ACAAAPEI-25/140815_I1089_FCC5C93ACXX_L7_ARCGHmM136ACAAAPEI-25_2.fq.gz,100,500,30X,BGI@CHOP
a668a2ee-3b3f-4134-9031-71da02964722,NULL,7316-176-N,WGS,Illumina HiSeq,ARCGHmM136ACAAAPEI-25,1,illumina15,FCC5CC6ACXX_L4,s3://cbttc.seq.data/CPF1407010_ganglioioma/176B/140819_I1069_FCC5CC6ACXX_L4_ARCGHmM136ACAAAPEI-25/140819_I1069_FCC5CC6ACXX_L4_ARCGHmM136ACAAAPEI-25_1.fq.gz,100,500,30X,BGI@CHOP
cee11cdf-d220-4055-b08e-e4b9e9c547aa,NULL,7316-176-N,WGS,Illumina HiSeq,ARCGHmM136ACAAAPEI-25,2,illumina15,FCC5CC6ACXX_L4,s3://cbttc.seq.data/CPF1407010_ganglioioma/176B/140819_I1069_FCC5CC6ACXX_L4_ARCGHmM136ACAAAPEI-25/140819_I1069_FCC5CC6ACXX_L4_ARCGHmM136ACAAAPEI-25_2.fq.gz,100,500,30X,BGI@CHOP
e7fd0707-e75d-4c0b-8f4f-112716c6f9d5,NULL,7316-176-N,WGS,Illumina HiSeq,ARCGHmM136ADAAAPEI-26,1,illumina15,FCC5CC6ACXX_L5,s3://cbttc.seq.data/CPF1407010_ganglioioma/176B/140819_I1069_FCC5CC6ACXX_L5_ARCGHmM136ADAAAPEI-26/140819_I1069_FCC5CC6ACXX_L5_ARCGHmM136ADAAAPEI-26_1.fq.gz,100,500,30X,BGI@CHOP
acaa470c-725a-4bb3-8f84-dc12a18de998,NULL,7316-176-N,WGS,Illumina HiSeq,ARCGHmM136ADAAAPEI-26,2,illumina15,FCC5CC6ACXX_L5,s3://cbttc.seq.data/CPF1407010_ganglioioma/176B/140819_I1069_FCC5CC6ACXX_L5_ARCGHmM136ADAAAPEI-26/140819_I1069_FCC5CC6ACXX_L5_ARCGHmM136ADAAAPEI-26_2.fq.gz,100,500,30X,BGI@CHOP
2d67cd78-f90f-4b99-b239-f46a15e1f70e,NULL,7316-176-T,WGS,Illumina HiSeq,ARCGHmM136ABAAAPEI-24,1,illumina15,FCC5C8BACXX_L3,s3://cbttc.seq.data/CPF1407010_ganglioioma/176T/140819_I1069_FCC5C8BACXX_L3_ARCGHmM136ABAAAPEI-24/140819_I1069_FCC5C8BACXX_L3_ARCGHmM136ABAAAPEI-24_1.fq.gz,100,500,60X,BGI@CHOP
1a810eca-f225-43c7-bdd3-3c90901a86fc,NULL,7316-176-T,WGS,Illumina HiSeq,ARCGHmM136ABAAAPEI-24,2,illumina15,FCC5C8BACXX_L3,s3://cbttc.seq.data/CPF1407010_ganglioioma/176T/140819_I1069_FCC5C8BACXX_L3_ARCGHmM136ABAAAPEI-24/140819_I1069_FCC5C8BACXX_L3_ARCGHmM136ABAAAPEI-24_2.fq.gz,100,500,60X,BGI@CHOP
71861b92-5124-450a-9b55-4ed86ecd20ca,NULL,7316-176-T,WGS,Illumina HiSeq,ARCGHmM136AAAAAPEI-19,1,illumina15,FCC5F70ACXX_L1,s3://cbttc.seq.data/CPF1407010_ganglioioma/176T/140829_I1089_FCC5F70ACXX_L1_ARCGHmM136AAAAAPEI-19/140829_I1089_FCC5F70ACXX_L1_ARCGHmM136AAAAAPEI-19_1.fq.gz,100,500,60X,BGI@CHOP
3ea28555-ef43-41f4-933f-2bce360f20ec,NULL,7316-176-T,WGS,Illumina HiSeq,ARCGHmM136AAAAAPEI-19,2,illumina15,FCC5F70ACXX_L1,s3://cbttc.seq.data/CPF1407010_ganglioioma/176T/140829_I1089_FCC5F70ACXX_L1_ARCGHmM136AAAAAPEI-19/140829_I1089_FCC5F70ACXX_L1_ARCGHmM136AAAAAPEI-19_2.fq.gz,100,500,60X,BGI@CHOP
660430a9-1305-48f7-beee-15295943eb0f,NULL,7316-176-T,WGS,Illumina HiSeq,ARCGHmM136ABAAAPEI-24,1,illumina15,FCC5C97ACXX_L1,s3://cbttc.seq.data/CPF1407010_ganglioioma/176T/140909_I1069_FCC5C97ACXX_L1_ARCGHmM136ABAAAPEI-24/140909_I1069_FCC5C97ACXX_L1_ARCGHmM136ABAAAPEI-24_1.fq.gz,100,500,60X,BGI@CHOP
381a26ed-1ad5-4b99-9854-6d602434edcb,NULL,7316-176-T,WGS,Illumina HiSeq,ARCGHmM136ABAAAPEI-24,2,illumina15,FCC5C97ACXX_L1,s3://cbttc.seq.data/CPF1407010_ganglioioma/176T/140909_I1069_FCC5C97ACXX_L1_ARCGHmM136ABAAAPEI-24/140909_I1069_FCC5C97ACXX_L1_ARCGHmM136ABAAAPEI-24_2.fq.gz,100,500,60X,BGI@CHOP
8ce2baad-abb9-430d-abb1-77ba321e54be,NULL,7316-176-T,WGS,Illumina HiSeq,ARCGHmM136AAAAAPEI-19,1,illumina15,FCC5GHEACXX_L6,s3://cbttc.seq.data/CPF1407010_ganglioioma/176T/140918_I1089_FCC5GHEACXX_L6_ARCGHmM136AAAAAPEI-19/140918_I1089_FCC5GHEACXX_L6_ARCGHmM136AAAAAPEI-19_1.fq.gz,100,500,60X,BGI@CHOP
13b0e601-0c18-4617-a9b4-d72634deee3d,NULL,7316-176-T,WGS,Illumina HiSeq,ARCGHmM136AAAAAPEI-19,2,illumina15,FCC5GHEACXX_L6,s3://cbttc.seq.data/CPF1407010_ganglioioma/176T/140918_I1089_FCC5GHEACXX_L6_ARCGHmM136AAAAAPEI-19/140918_I1089_FCC5GHEACXX_L6_ARCGHmM136AAAAAPEI-19_2.fq.gz,100,500,60X,BGI@CHOP
af3fd9c5-eb69-41b1-9eec-8bdf6e157868,NULL,7316-176-T,WGS,Illumina HiSeq,ARCGHmM136ABAAAPEI-24,1,illumina15,FCC5GHEACXX_L7,s3://cbttc.seq.data/CPF1407010_ganglioioma/176T/140918_I1089_FCC5GHEACXX_L7_ARCGHmM136ABAAAPEI-24/140918_I1089_FCC5GHEACXX_L7_ARCGHmM136ABAAAPEI-24_1.fq.gz,100,500,60X,BGI@CHOP
783377b1-71b9-4b69-ae26-f8010d653f57,NULL,7316-176-T,WGS,Illumina HiSeq,ARCGHmM136ABAAAPEI-24,2,illumina15,FCC5GHEACXX_L7,s3://cbttc.seq.data/CPF1407010_ganglioioma/176T/140918_I1089_FCC5GHEACXX_L7_ARCGHmM136ABAAAPEI-24/140918_I1089_FCC5GHEACXX_L7_ARCGHmM136ABAAAPEI-24_2.fq.gz,100,500,60X,BGI@CHOP
2e852a4a-ef85-49af-b0bf-9e3a1caf522a,NULL,7316-176-T,WGS,Illumina HiSeq,ARCGHmM136AAAAAPEI-19,1,illumina15,FCC5K1KACXX_L1,s3://cbttc.seq.data/CPF1407010_ganglioioma/176T/141008_I1082_FCC5K1KACXX_L1_ARCGHmM136AAAAAPEI-19/141008_I1082_FCC5K1KACXX_L1_ARCGHmM136AAAAAPEI-19_1.fq.gz,100,500,60X,BGI@CHOP
3d1e7fdd-67d4-43e3-8827-5617220d0527,NULL,7316-176-T,WGS,Illumina HiSeq,ARCGHmM136AAAAAPEI-19,2,illumina15,FCC5K1KACXX_L1,s3://cbttc.seq.data/CPF1407010_ganglioioma/176T/141008_I1082_FCC5K1KACXX_L1_ARCGHmM136AAAAAPEI-19/141008_I1082_FCC5K1KACXX_L1_ARCGHmM136AAAAAPEI-19_2.fq.gz,100,500,60X,BGI@CHOP
7878aec5-1f12-4a93-9ebd-b2ae6871dd1f,233362.233363,7316-323-T,WGS,Illumina HiSeq,ARCGHmM044AKAAAPEI-55,1,illumina15,FCD27R4ACXX_L8,s3://cbttc.seq.data/data_2_pairs_Cranio/7316-323T/130823_I1089_FCD27R4ACXX_L8_ARCGHmM044AKAAAPEI-55/130823_I1089_FCD27R4ACXX_L8_ARCGHmM044AKAAAPEI-55_1.fq.gz,100,500,60X,BGI@CHOP
0c4b2fe8-7ba3-43b6-9451-bbdd644c8884,233362.233363,7316-323-T,WGS,Illumina HiSeq,ARCGHmM044AKAAAPEI-55,2,illumina15,FCD27R4ACXX_L8,s3://cbttc.seq.data/data_2_pairs_Cranio/7316-323T/130823_I1089_FCD27R4ACXX_L8_ARCGHmM044AKAAAPEI-55/130823_I1089_FCD27R4ACXX_L8_ARCGHmM044AKAAAPEI-55_2.fq.gz,100,500,60X,BGI@CHOP
d2d20d9f-6bac-4a1f-93c9-86101264dfbc,233362.233363,7316-323-T,WGS,Illumina HiSeq,ARCGHmM044AKAAAPEI-55,1,illumina15,FCD21N0ACXX_L1,s3://cbttc.seq.data/data_2_pairs_Cranio/7316-323T/130905_I1082_FCD21N0ACXX_L1_ARCGHmM044AKAAAPEI-55/130905_I1082_FCD21N0ACXX_L1_ARCGHmM044AKAAAPEI-55_1.fq.gz,100,500,60X,BGI@CHOP
0a6311d7-4222-4a41-8054-bbce8b5a96ca,233362.233363,7316-323-T,WGS,Illumina HiSeq,ARCGHmM044AKAAAPEI-55,2,illumina15,FCD21N0ACXX_L1,s3://cbttc.seq.data/data_2_pairs_Cranio/7316-323T/130905_I1082_FCD21N0ACXX_L1_ARCGHmM044AKAAAPEI-55/130905_I1082_FCD21N0ACXX_L1_ARCGHmM044AKAAAPEI-55_2.fq.gz,100,500,60X,BGI@CHOP
f8872347-cd2e-404e-a721-a9c50d70814a,233362.233363,7316-323-T,WGS,Illumina HiSeq,ARCGHmM044AKAAAPEI-55,1,illumina15,FCD21N0ACXX_L2,s3://cbttc.seq.data/data_2_pairs_Cranio/7316-323T/130905_I1082_FCD21N0ACXX_L2_ARCGHmM044AKAAAPEI-55/130905_I1082_FCD21N0ACXX_L2_ARCGHmM044AKAAAPEI-55_1.fq.gz,100,500,60X,BGI@CHOP
f763e622-f9d1-47f3-96fb-e66cff3b92c4,233362.233363,7316-323-T,WGS,Illumina HiSeq,ARCGHmM044AKAAAPEI-55,2,illumina15,FCD21N0ACXX_L2,s3://cbttc.seq.data/data_2_pairs_Cranio/7316-323T/130905_I1082_FCD21N0ACXX_L2_ARCGHmM044AKAAAPEI-55/130905_I1082_FCD21N0ACXX_L2_ARCGHmM044AKAAAPEI-55_2.fq.gz,100,500,60X,BGI@CHOP
b0f31623-0424-4664-a10d-e7fbc21222d9,233362.233363,7316-323-T,WGS,Illumina HiSeq,ARCGHmM044ALAAAPEI-56,1,illumina15,FCD21N0ACXX_L3,s3://cbttc.seq.data/data_2_pairs_Cranio/7316-323T/130905_I1082_FCD21N0ACXX_L3_ARCGHmM044ALAAAPEI-56/130905_I1082_FCD21N0ACXX_L3_ARCGHmM044ALAAAPEI-56_1.fq.gz,100,500,60X,BGI@CHOP
35400b95-6917-4bbe-86f6-f974c3405622,233362.233363,7316-323-T,WGS,Illumina HiSeq,ARCGHmM044ALAAAPEI-56,2,illumina15,FCD21N0ACXX_L3,s3://cbttc.seq.data/data_2_pairs_Cranio/7316-323T/130905_I1082_FCD21N0ACXX_L3_ARCGHmM044ALAAAPEI-56/130905_I1082_FCD21N0ACXX_L3_ARCGHmM044ALAAAPEI-56_2.fq.gz,100,500,60X,BGI@CHOP
8b64505e-f2fc-47a0-8cf7-27694e39d8d8,233362.233363,7316-323-T,WGS,Illumina HiSeq,ARCGHmM044ALAAAPEI-56,1,illumina15,FCC2D5HACXX_L1,s3://cbttc.seq.data/data_2_pairs_Cranio/7316-323T/130906_I1089_FCC2D5HACXX_L1_ARCGHmM044ALAAAPEI-56/130906_I1089_FCC2D5HACXX_L1_ARCGHmM044ALAAAPEI-56_1.fq.gz,100,500,60X,BGI@CHOP
8c8154da-f198-45cd-a314-f9ac33027aac,233362.233363,7316-323-T,WGS,Illumina HiSeq,ARCGHmM044ALAAAPEI-56,2,illumina15,FCC2D5HACXX_L1,s3://cbttc.seq.data/data_2_pairs_Cranio/7316-323T/130906_I1089_FCC2D5HACXX_L1_ARCGHmM044ALAAAPEI-56/130906_I1089_FCC2D5HACXX_L1_ARCGHmM044ALAAAPEI-56_2.fq.gz,100,500,60X,BGI@CHOP
ec8370ad-67a2-4444-a40c-7132f9ef3e3e,233362.233363,7316-323-T,WGS,Illumina HiSeq,ARCGHmM044ALAAAPEI-56,1,illumina15,FCC2D5HACXX_L2,s3://cbttc.seq.data/data_2_pairs_Cranio/7316-323T/130906_I1089_FCC2D5HACXX_L2_ARCGHmM044ALAAAPEI-56/130906_I1089_FCC2D5HACXX_L2_ARCGHmM044ALAAAPEI-56_1.fq.gz,100,500,60X,BGI@CHOP
dc85c1a9-f925-45ec-bd32-a420848e40f2,233362.233363,7316-323-T,WGS,Illumina HiSeq,ARCGHmM044ALAAAPEI-56,2,illumina15,FCC2D5HACXX_L2,s3://cbttc.seq.data/data_2_pairs_Cranio/7316-323T/130906_I1089_FCC2D5HACXX_L2_ARCGHmM044ALAAAPEI-56/130906_I1089_FCC2D5HACXX_L2_ARCGHmM044ALAAAPEI-56_2.fq.gz,100,500,60X,BGI@CHOP
bdc3dd15-45f6-4c12-9518-b87d17a563ac,394925,7316-380-N,WGS,Illumina HiSeq,ARCGHmM044AFAAAPEI-33,1,illumina15,FCD27R4ACXX_L6,s3://cbttc.seq.data/data_2_pairs_Cranio/7316-380B/130823_I1089_FCD27R4ACXX_L6_ARCGHmM044AFAAAPEI-33/130823_I1089_FCD27R4ACXX_L6_ARCGHmM044AFAAAPEI-33_1.fq.gz,100,500,30X,BGI@CHOP
18811b53-a0a5-4128-a9e5-a0baea48206f,394925,7316-380-N,WGS,Illumina HiSeq,ARCGHmM044AFAAAPEI-33,2,illumina15,FCD27R4ACXX_L6,s3://cbttc.seq.data/data_2_pairs_Cranio/7316-380B/130823_I1089_FCD27R4ACXX_L6_ARCGHmM044AFAAAPEI-33/130823_I1089_FCD27R4ACXX_L6_ARCGHmM044AFAAAPEI-33_2.fq.gz,100,500,30X,BGI@CHOP
93175ac3-77c7-4529-a8f4-53b747144194,394925,7316-380-N,WGS,Illumina HiSeq,ARCGHmM044AEAAAPEI-31,1,illumina15,FCD2ERLACXX_L5,s3://cbttc.seq.data/data_2_pairs_Cranio/7316-380B/130905_I1082_FCD2ERLACXX_L5_ARCGHmM044AEAAAPEI-31/130905_I1082_FCD2ERLACXX_L5_ARCGHmM044AEAAAPEI-31_1.fq.gz,100,500,30X,BGI@CHOP
93a78507-81fc-46b5-add8-c1457532e836,394925,7316-380-N,WGS,Illumina HiSeq,ARCGHmM044AEAAAPEI-31,2,illumina15,FCD2ERLACXX_L5,s3://cbttc.seq.data/data_2_pairs_Cranio/7316-380B/130905_I1082_FCD2ERLACXX_L5_ARCGHmM044AEAAAPEI-31/130905_I1082_FCD2ERLACXX_L5_ARCGHmM044AEAAAPEI-31_2.fq.gz,100,500,30X,BGI@CHOP
6009aeec-6fd7-4639-b960-c1743a4324b5,394925,7316-380-N,WGS,Illumina HiSeq,ARCGHmM044AFAAAPEI-33,1,illumina15,FCD2ERLACXX_L6,s3://cbttc.seq.data/data_2_pairs_Cranio/7316-380B/130905_I1082_FCD2ERLACXX_L6_ARCGHmM044AFAAAPEI-33/130905_I1082_FCD2ERLACXX_L6_ARCGHmM044AFAAAPEI-33_1.fq.gz,100,500,30X,BGI@CHOP
db82bf74-eadd-4d57-ac48-9b436799e954,394925,7316-380-N,WGS,Illumina HiSeq,ARCGHmM044AFAAAPEI-33,2,illumina15,FCD2ERLACXX_L6,s3://cbttc.seq.data/data_2_pairs_Cranio/7316-380B/130905_I1082_FCD2ERLACXX_L6_ARCGHmM044AFAAAPEI-33/130905_I1082_FCD2ERLACXX_L6_ARCGHmM044AFAAAPEI-33_2.fq.gz,100,500,30X,BGI@CHOP
622746be-68a6-4b91-8b52-27d8bbe7fcd8,242841,7316-380-T,WGS,Illumina HiSeq,ARCGHmM044AIAAAPEI-37,1,illumina15,FCD21N0ACXX_L4,s3://cbttc.seq.data/data_2_pairs_Cranio/7316-380T/130905_I1082_FCD21N0ACXX_L4_ARCGHmM044AIAAAPEI-37/130905_I1082_FCD21N0ACXX_L4_ARCGHmM044AIAAAPEI-37_1.fq.gz,100,500,60X,BGI@CHOP
452a45ed-ead2-419e-8a5f-e53aa6e3024b,242841,7316-380-T,WGS,Illumina HiSeq,ARCGHmM044AIAAAPEI-37,2,illumina15,FCD21N0ACXX_L4,s3://cbttc.seq.data/data_2_pairs_Cranio/7316-380T/130905_I1082_FCD21N0ACXX_L4_ARCGHmM044AIAAAPEI-37/130905_I1082_FCD21N0ACXX_L4_ARCGHmM044AIAAAPEI-37_2.fq.gz,100,500,60X,BGI@CHOP
6964e66a-d9ca-431d-a47f-b23b789e06cc,242841,7316-380-T,WGS,Illumina HiSeq,ARCGHmM044AJAAAPEI-41,1,illumina15,FCD21N0ACXX_L5,s3://cbttc.seq.data/data_2_pairs_Cranio/7316-380T/130905_I1082_FCD21N0ACXX_L5_ARCGHmM044AJAAAPEI-41/130905_I1082_FCD21N0ACXX_L5_ARCGHmM044AJAAAPEI-41_1.fq.gz,100,500,60X,BGI@CHOP
e3295609-34c2-4f08-9968-fa5e00170ec6,242841,7316-380-T,WGS,Illumina HiSeq,ARCGHmM044AJAAAPEI-41,2,illumina15,FCD21N0ACXX_L5,s3://cbttc.seq.data/data_2_pairs_Cranio/7316-380T/130905_I1082_FCD21N0ACXX_L5_ARCGHmM044AJAAAPEI-41/130905_I1082_FCD21N0ACXX_L5_ARCGHmM044AJAAAPEI-41_2.fq.gz,100,500,60X,BGI@CHOP
17936df6-ccb7-4ff7-831e-d2ede30d9ef4,242841,7316-380-T,WGS,Illumina HiSeq,ARCGHmM044AIAAAPEI-37,1,illumina15,FCC2D5HACXX_L3,s3://cbttc.seq.data/data_2_pairs_Cranio/7316-380T/130906_I1089_FCC2D5HACXX_L3_ARCGHmM044AIAAAPEI-37/130906_I1089_FCC2D5HACXX_L3_ARCGHmM044AIAAAPEI-37_1.fq.gz,100,500,60X,BGI@CHOP
964fc41a-4ae5-4188-8892-8f21514a119a,242841,7316-380-T,WGS,Illumina HiSeq,ARCGHmM044AIAAAPEI-37,2,illumina15,FCC2D5HACXX_L3,s3://cbttc.seq.data/data_2_pairs_Cranio/7316-380T/130906_I1089_FCC2D5HACXX_L3_ARCGHmM044AIAAAPEI-37/130906_I1089_FCC2D5HACXX_L3_ARCGHmM044AIAAAPEI-37_2.fq.gz,100,500,60X,BGI@CHOP
c5c0dab7-d5c5-48f1-8cc7-f7ff23a5c4dd,242841,7316-380-T,WGS,Illumina HiSeq,ARCGHmM044AIAAAPEI-37,1,illumina15,FCC2D5HACXX_L4,s3://cbttc.seq.data/data_2_pairs_Cranio/7316-380T/130906_I1089_FCC2D5HACXX_L4_ARCGHmM044AIAAAPEI-37/130906_I1089_FCC2D5HACXX_L4_ARCGHmM044AIAAAPEI-37_1.fq.gz,100,500,60X,BGI@CHOP
e8360ffa-cbbc-47e5-a65e-c85855bb7784,242841,7316-380-T,WGS,Illumina HiSeq,ARCGHmM044AIAAAPEI-37,2,illumina15,FCC2D5HACXX_L4,s3://cbttc.seq.data/data_2_pairs_Cranio/7316-380T/130906_I1089_FCC2D5HACXX_L4_ARCGHmM044AIAAAPEI-37/130906_I1089_FCC2D5HACXX_L4_ARCGHmM044AIAAAPEI-37_2.fq.gz,100,500,60X,BGI@CHOP
21102e8d-4ecb-4617-8f39-0254206b2ec9,242841,7316-380-T,WGS,Illumina HiSeq,ARCGHmM044AJAAAPEI-41,1,illumina15,FCC2D5HACXX_L5,s3://cbttc.seq.data/data_2_pairs_Cranio/7316-380T/130906_I1089_FCC2D5HACXX_L5_ARCGHmM044AJAAAPEI-41/130906_I1089_FCC2D5HACXX_L5_ARCGHmM044AJAAAPEI-41_1.fq.gz,100,500,60X,BGI@CHOP
11b0e422-01f9-4984-bd66-8587a5920157,242841,7316-380-T,WGS,Illumina HiSeq,ARCGHmM044AJAAAPEI-41,2,illumina15,FCC2D5HACXX_L5,s3://cbttc.seq.data/data_2_pairs_Cranio/7316-380T/130906_I1089_FCC2D5HACXX_L5_ARCGHmM044AJAAAPEI-41/130906_I1089_FCC2D5HACXX_L5_ARCGHmM044AJAAAPEI-41_2.fq.gz,100,500,60X,BGI@CHOP
9d83d09a-698d-402b-a6c8-ef2276843b5a,242841,7316-380-T,WGS,Illumina HiSeq,ARCGHmM044AJAAAPEI-41,1,illumina15,FCC2D5HACXX_L6,s3://cbttc.seq.data/data_2_pairs_Cranio/7316-380T/130906_I1089_FCC2D5HACXX_L6_ARCGHmM044AJAAAPEI-41/130906_I1089_FCC2D5HACXX_L6_ARCGHmM044AJAAAPEI-41_1.fq.gz,100,500,60X,BGI@CHOP
54be7235-d0b9-4b2c-8269-ee85808a2da5,242841,7316-380-T,WGS,Illumina HiSeq,ARCGHmM044AJAAAPEI-41,2,illumina15,FCC2D5HACXX_L6,s3://cbttc.seq.data/data_2_pairs_Cranio/7316-380T/130906_I1089_FCC2D5HACXX_L6_ARCGHmM044AJAAAPEI-41/130906_I1089_FCC2D5HACXX_L6_ARCGHmM044AJAAAPEI-41_2.fq.gz,100,500,60X,BGI@CHOP
cf0bc37d-3714-4d70-ba4f-26d6c9be940f,393501,7316-65-N,WGS,Illumina HiSeq,ARCGHmM044AHAAAPEI-36,1,illumina15,FCD27R4ACXX_L7,s3://cbttc.seq.data/data_2_pairs_Cranio/7316-65B_(323)/130823_I1089_FCD27R4ACXX_L7_ARCGHmM044AHAAAPEI-36/130823_I1089_FCD27R4ACXX_L7_ARCGHmM044AHAAAPEI-36_1.fq.gz,100,500,30X,BGI@CHOP
6b989d0f-9d37-480a-b0b6-4baa290959ae,393501,7316-65-N,WGS,Illumina HiSeq,ARCGHmM044AHAAAPEI-36,2,illumina15,FCD27R4ACXX_L7,s3://cbttc.seq.data/data_2_pairs_Cranio/7316-65B_(323)/130823_I1089_FCD27R4ACXX_L7_ARCGHmM044AHAAAPEI-36/130823_I1089_FCD27R4ACXX_L7_ARCGHmM044AHAAAPEI-36_2.fq.gz,100,500,30X,BGI@CHOP
e24e3e27-cc81-4f23-a5fc-fefb5e4da892,393501,7316-65-N,WGS,Illumina HiSeq,ARCGHmM044AGAAAPEI-34,1,illumina15,FCD2ERLACXX_L7,s3://cbttc.seq.data/data_2_pairs_Cranio/7316-65B_(323)/130905_I1082_FCD2ERLACXX_L7_ARCGHmM044AGAAAPEI-34/130905_I1082_FCD2ERLACXX_L7_ARCGHmM044AGAAAPEI-34_1.fq.gz,100,500,30X,BGI@CHOP
67b23c12-0a6a-4f70-9edb-9d47a5989787,393501,7316-65-N,WGS,Illumina HiSeq,ARCGHmM044AGAAAPEI-34,2,illumina15,FCD2ERLACXX_L7,s3://cbttc.seq.data/data_2_pairs_Cranio/7316-65B_(323)/130905_I1082_FCD2ERLACXX_L7_ARCGHmM044AGAAAPEI-34/130905_I1082_FCD2ERLACXX_L7_ARCGHmM044AGAAAPEI-34_2.fq.gz,100,500,30X,BGI@CHOP
1e2296dd-9a88-46aa-9c2f-a7c65024a859,393501,7316-65-N,WGS,Illumina HiSeq,ARCGHmM044AHAAAPEI-36,1,illumina15,FCD2ERLACXX_L8,s3://cbttc.seq.data/data_2_pairs_Cranio/7316-65B_(323)/130905_I1082_FCD2ERLACXX_L8_ARCGHmM044AHAAAPEI-36/130905_I1082_FCD2ERLACXX_L8_ARCGHmM044AHAAAPEI-36_1.fq.gz,100,500,30X,BGI@CHOP
801bd9e3-4330-4c4e-ab79-a46491332c82,393501,7316-65-N,WGS,Illumina HiSeq,ARCGHmM044AHAAAPEI-36,2,illumina15,FCD2ERLACXX_L8,s3://cbttc.seq.data/data_2_pairs_Cranio/7316-65B_(323)/130905_I1082_FCD2ERLACXX_L8_ARCGHmM044AHAAAPEI-36/130905_I1082_FCD2ERLACXX_L8_ARCGHmM044AHAAAPEI-36_2.fq.gz,100,500,30X,BGI@CHOP
606f06a3-e74e-4837-85e5-ac4aa6e616c6,394861,7316-100-N,WGS,Illumina HiSeq,CGSGHmM041ACAAAPEI-25,1,illumina15,FCC21WAACXX_L2,s3://cbttc.seq.data/data_5_pairs/7316-100B/130702_I1069_FCC21WAACXX_L2_CGSGHmM041ACAAAPEI-25/130702_I1069_FCC21WAACXX_L2_CGSGHmM041ACAAAPEI-25_1.fq.gz,100,500,30X,BGI@CHOP
8a6344ed-375d-4b19-9458-303b39235170,394861,7316-100-N,WGS,Illumina HiSeq,CGSGHmM041ACAAAPEI-25,2,illumina15,FCC21WAACXX_L2,s3://cbttc.seq.data/data_5_pairs/7316-100B/130702_I1069_FCC21WAACXX_L2_CGSGHmM041ACAAAPEI-25/130702_I1069_FCC21WAACXX_L2_CGSGHmM041ACAAAPEI-25_2.fq.gz,100,500,30X,BGI@CHOP
3d925cf8-fde8-4e3d-919e-161fd4b1ce08,394861,7316-100-N,WGS,Illumina HiSeq,CGSGHmM041ADAAAPEI-26,1,illumina15,FCD23J7ACXX_L6,s3://cbttc.seq.data/data_5_pairs/7316-100B/130710_I1089_FCD23J7ACXX_L6_CGSGHmM041ADAAAPEI-26/130710_I1089_FCD23J7ACXX_L6_CGSGHmM041ADAAAPEI-26_1.fq.gz,100,500,30X,BGI@CHOP
04c4daee-6bad-4b28-a27d-cc4801d46f99,394861,7316-100-N,WGS,Illumina HiSeq,CGSGHmM041ADAAAPEI-26,2,illumina15,FCD23J7ACXX_L6,s3://cbttc.seq.data/data_5_pairs/7316-100B/130710_I1089_FCD23J7ACXX_L6_CGSGHmM041ADAAAPEI-26/130710_I1089_FCD23J7ACXX_L6_CGSGHmM041ADAAAPEI-26_2.fq.gz,100,500,30X,BGI@CHOP
d59157e3-8fe2-46ed-b605-7d234028b8c6,394861,7316-100-N,WGS,Illumina HiSeq,CGSGHmM041ADAAAPEI-26,1,illumina15,FCD23J7ACXX_L7,s3://cbttc.seq.data/data_5_pairs/7316-100B/130710_I1089_FCD23J7ACXX_L7_CGSGHmM041ADAAAPEI-26/130710_I1089_FCD23J7ACXX_L7_CGSGHmM041ADAAAPEI-26_1.fq.gz,100,500,30X,BGI@CHOP
c02b4567-f45f-4d66-8967-d7a7f8450d09,394861,7316-100-N,WGS,Illumina HiSeq,CGSGHmM041ADAAAPEI-26,2,illumina15,FCD23J7ACXX_L7,s3://cbttc.seq.data/data_5_pairs/7316-100B/130710_I1089_FCD23J7ACXX_L7_CGSGHmM041ADAAAPEI-26/130710_I1089_FCD23J7ACXX_L7_CGSGHmM041ADAAAPEI-26_2.fq.gz,100,500,30X,BGI@CHOP
bf6db8e2-81bc-4f69-a365-55916a1ea123,67852,7316-100-T,WGS,Illumina HiSeq,CGSGHmM041AAAAAPEI-19,1,illumina15,FCC21WAACXX_L1,s3://cbttc.seq.data/data_5_pairs/7316-100T/130702_I1069_FCC21WAACXX_L1_CGSGHmM041AAAAAPEI-19/130702_I1069_FCC21WAACXX_L1_CGSGHmM041AAAAAPEI-19_1.fq.gz,100,500,60X,BGI@CHOP
3c8fe546-281b-4561-be9f-71eb2a44b883,67852,7316-100-T,WGS,Illumina HiSeq,CGSGHmM041AAAAAPEI-19,2,illumina15,FCC21WAACXX_L1,s3://cbttc.seq.data/data_5_pairs/7316-100T/130702_I1069_FCC21WAACXX_L1_CGSGHmM041AAAAAPEI-19/130702_I1069_FCC21WAACXX_L1_CGSGHmM041AAAAAPEI-19_2.fq.gz,100,500,60X,BGI@CHOP
b34184e4-fb84-486a-9d6b-7d72ccffbf3c,67852,7316-100-T,WGS,Illumina HiSeq,CGSGHmM041AAAAAPEI-19,1,illumina15,FCC21M0ACXX_L4,s3://cbttc.seq.data/data_5_pairs/7316-100T/130708_I1009_FCC21M0ACXX_L4_CGSGHmM041AAAAAPEI-19/130708_I1009_FCC21M0ACXX_L4_CGSGHmM041AAAAAPEI-19_1.fq.gz,100,500,60X,BGI@CHOP
973ffc5e-5553-4bfa-97a0-778b995d04de,67852,7316-100-T,WGS,Illumina HiSeq,CGSGHmM041AAAAAPEI-19,2,illumina15,FCC21M0ACXX_L4,s3://cbttc.seq.data/data_5_pairs/7316-100T/130708_I1009_FCC21M0ACXX_L4_CGSGHmM041AAAAAPEI-19/130708_I1009_FCC21M0ACXX_L4_CGSGHmM041AAAAAPEI-19_2.fq.gz,100,500,60X,BGI@CHOP
c1cbc668-eb23-4c87-8515-ff7b78fda770,67852,7316-100-T,WGS,Illumina HiSeq,CGSGHmM041AAAAAPEI-19,1,illumina15,FCD23ETACXX_L4,s3://cbttc.seq.data/data_5_pairs/7316-100T/130708_I1009_FCD23ETACXX_L4_CGSGHmM041AAAAAPEI-19/130708_I1009_FCD23ETACXX_L4_CGSGHmM041AAAAAPEI-19_1.fq.gz,100,500,60X,BGI@CHOP
7f4dafee-57a5-42ff-8d5a-2432c6c76d4e,67852,7316-100-T,WGS,Illumina HiSeq,CGSGHmM041AAAAAPEI-19,2,illumina15,FCD23ETACXX_L4,s3://cbttc.seq.data/data_5_pairs/7316-100T/130708_I1009_FCD23ETACXX_L4_CGSGHmM041AAAAAPEI-19/130708_I1009_FCD23ETACXX_L4_CGSGHmM041AAAAAPEI-19_2.fq.gz,100,500,60X,BGI@CHOP
1834b747-a36e-4029-ae69-b00540b9d092,67852,7316-100-T,WGS,Illumina HiSeq,CGSGHmM041ABAAAPEI-24,1,illumina15,FCD23J7ACXX_L3,s3://cbttc.seq.data/data_5_pairs/7316-100T/130710_I1089_FCD23J7ACXX_L3_CGSGHmM041ABAAAPEI-24/130710_I1089_FCD23J7ACXX_L3_CGSGHmM041ABAAAPEI-24_1.fq.gz,100,500,60X,BGI@CHOP
07cd6878-2751-41c6-8b66-1a21a08a1630,67852,7316-100-T,WGS,Illumina HiSeq,CGSGHmM041ABAAAPEI-24,2,illumina15,FCD23J7ACXX_L3,s3://cbttc.seq.data/data_5_pairs/7316-100T/130710_I1089_FCD23J7ACXX_L3_CGSGHmM041ABAAAPEI-24/130710_I1089_FCD23J7ACXX_L3_CGSGHmM041ABAAAPEI-24_2.fq.gz,100,500,60X,BGI@CHOP
b4529096-3246-4e40-b5d1-6d918e862335,67852,7316-100-T,WGS,Illumina HiSeq,CGSGHmM041ABAAAPEI-24,1,illumina15,FCD23J7ACXX_L4,s3://cbttc.seq.data/data_5_pairs/7316-100T/130710_I1089_FCD23J7ACXX_L4_CGSGHmM041ABAAAPEI-24/130710_I1089_FCD23J7ACXX_L4_CGSGHmM041ABAAAPEI-24_1.fq.gz,100,500,60X,BGI@CHOP
43474914-b791-426c-8280-bce3ba0f520e,67852,7316-100-T,WGS,Illumina HiSeq,CGSGHmM041ABAAAPEI-24,2,illumina15,FCD23J7ACXX_L4,s3://cbttc.seq.data/data_5_pairs/7316-100T/130710_I1089_FCD23J7ACXX_L4_CGSGHmM041ABAAAPEI-24/130710_I1089_FCD23J7ACXX_L4_CGSGHmM041ABAAAPEI-24_2.fq.gz,100,500,60X,BGI@CHOP
77643a80-068e-4cee-b51c-dd594c61dc2c,67852,7316-100-T,WGS,Illumina HiSeq,CGSGHmM041ABAAAPEI-24,1,illumina15,FCD23J7ACXX_L5,s3://cbttc.seq.data/data_5_pairs/7316-100T/130710_I1089_FCD23J7ACXX_L5_CGSGHmM041ABAAAPEI-24/130710_I1089_FCD23J7ACXX_L5_CGSGHmM041ABAAAPEI-24_1.fq.gz,100,500,60X,BGI@CHOP
adf447c5-44bb-440c-944b-c0d6868b49bc,67852,7316-100-T,WGS,Illumina HiSeq,CGSGHmM041ABAAAPEI-24,2,illumina15,FCD23J7ACXX_L5,s3://cbttc.seq.data/data_5_pairs/7316-100T/130710_I1089_FCD23J7ACXX_L5_CGSGHmM041ABAAAPEI-24/130710_I1089_FCD23J7ACXX_L5_CGSGHmM041ABAAAPEI-24_2.fq.gz,100,500,60X,BGI@CHOP
b8c4f088-4b70-490d-a71d-5ce3aae07025,394864,7316-124-N,WGS,Illumina HiSeq,CGSGHmM041AGAAAPEI-34,1,illumina15,FCC21WAACXX_L4,s3://cbttc.seq.data/data_5_pairs/7316-124B/130702_I1069_FCC21WAACXX_L4_CGSGHmM041AGAAAPEI-34/130702_I1069_FCC21WAACXX_L4_CGSGHmM041AGAAAPEI-34_1.fq.gz,100,500,30X,BGI@CHOP
fc31b22e-c932-4dee-b908-c2fe0a7e3dd5,394864,7316-124-N,WGS,Illumina HiSeq,CGSGHmM041AGAAAPEI-34,2,illumina15,FCC21WAACXX_L4,s3://cbttc.seq.data/data_5_pairs/7316-124B/130702_I1069_FCC21WAACXX_L4_CGSGHmM041AGAAAPEI-34/130702_I1069_FCC21WAACXX_L4_CGSGHmM041AGAAAPEI-34_2.fq.gz,100,500,30X,BGI@CHOP
9a7eff76-720a-43cd-9c9f-d22ef513f09d,394864,7316-124-N,WGS,Illumina HiSeq,CGSGHmM041AHAAAPEI-36,1,illumina15,FCD23JEACXX_L3,s3://cbttc.seq.data/data_5_pairs/7316-124B/130710_I1089_FCD23JEACXX_L3_CGSGHmM041AHAAAPEI-36/130710_I1089_FCD23JEACXX_L3_CGSGHmM041AHAAAPEI-36_1.fq.gz,100,500,30X,BGI@CHOP
56fc006b-f2dc-4178-95c5-90da5ab96d1b,394864,7316-124-N,WGS,Illumina HiSeq,CGSGHmM041AHAAAPEI-36,2,illumina15,FCD23JEACXX_L3,s3://cbttc.seq.data/data_5_pairs/7316-124B/130710_I1089_FCD23JEACXX_L3_CGSGHmM041AHAAAPEI-36/130710_I1089_FCD23JEACXX_L3_CGSGHmM041AHAAAPEI-36_2.fq.gz,100,500,30X,BGI@CHOP
55326e51-df05-47d7-a5e1-4c7e8d46a45e,394864,7316-124-N,WGS,Illumina HiSeq,CGSGHmM041AHAAAPEI-36,1,illumina15,FCD23JEACXX_L4,s3://cbttc.seq.data/data_5_pairs/7316-124B/130710_I1089_FCD23JEACXX_L4_CGSGHmM041AHAAAPEI-36/130710_I1089_FCD23JEACXX_L4_CGSGHmM041AHAAAPEI-36_1.fq.gz,100,500,30X,BGI@CHOP
23a6ee4f-baaa-481a-98a1-e0d1ad652d73,394864,7316-124-N,WGS,Illumina HiSeq,CGSGHmM041AHAAAPEI-36,2,illumina15,FCD23JEACXX_L4,s3://cbttc.seq.data/data_5_pairs/7316-124B/130710_I1089_FCD23JEACXX_L4_CGSGHmM041AHAAAPEI-36/130710_I1089_FCD23JEACXX_L4_CGSGHmM041AHAAAPEI-36_2.fq.gz,100,500,30X,BGI@CHOP
757077bd-3390-4d8e-900b-89ff2d5fa1d1,111642,7316-124-T,WGS,Illumina HiSeq,CGSGHmM041AEAAAPEI-31,1,illumina15,FCC21WAACXX_L3,s3://cbttc.seq.data/data_5_pairs/7316-124T/130702_I1069_FCC21WAACXX_L3_CGSGHmM041AEAAAPEI-31/130702_I1069_FCC21WAACXX_L3_CGSGHmM041AEAAAPEI-31_1.fq.gz,100,500,60X,BGI@CHOP
e55c09c2-8dc8-48b5-844f-4deabd37fd83,111642,7316-124-T,WGS,Illumina HiSeq,CGSGHmM041AEAAAPEI-31,2,illumina15,FCC21WAACXX_L3,s3://cbttc.seq.data/data_5_pairs/7316-124T/130702_I1069_FCC21WAACXX_L3_CGSGHmM041AEAAAPEI-31/130702_I1069_FCC21WAACXX_L3_CGSGHmM041AEAAAPEI-31_2.fq.gz,100,500,60X,BGI@CHOP
7d53ce5a-375c-42d1-ad2d-85ab6775cdd7,111642,7316-124-T,WGS,Illumina HiSeq,CGSGHmM041AEAAAPEI-31,1,illumina15,FCC21M0ACXX_L6,s3://cbttc.seq.data/data_5_pairs/7316-124T/130708_I1009_FCC21M0ACXX_L6_CGSGHmM041AEAAAPEI-31/130708_I1009_FCC21M0ACXX_L6_CGSGHmM041AEAAAPEI-31_1.fq.gz,100,500,60X,BGI@CHOP
665d03b2-5c22-44ba-a598-999eb2f417b7,111642,7316-124-T,WGS,Illumina HiSeq,CGSGHmM041AEAAAPEI-31,2,illumina15,FCC21M0ACXX_L6,s3://cbttc.seq.data/data_5_pairs/7316-124T/130708_I1009_FCC21M0ACXX_L6_CGSGHmM041AEAAAPEI-31/130708_I1009_FCC21M0ACXX_L6_CGSGHmM041AEAAAPEI-31_2.fq.gz,100,500,60X,BGI@CHOP
8ee0047a-ced7-4247-91d9-e1df5a9e6568,111642,7316-124-T,WGS,Illumina HiSeq,CGSGHmM041AEAAAPEI-31,1,illumina15,FCC21M0ACXX_L7,s3://cbttc.seq.data/data_5_pairs/7316-124T/130708_I1009_FCC21M0ACXX_L7_CGSGHmM041AEAAAPEI-31/130708_I1009_FCC21M0ACXX_L7_CGSGHmM041AEAAAPEI-31_1.fq.gz,100,500,60X,BGI@CHOP
e745876e-e6cc-4735-80ab-a870583bb31f,111642,7316-124-T,WGS,Illumina HiSeq,CGSGHmM041AEAAAPEI-31,2,illumina15,FCC21M0ACXX_L7,s3://cbttc.seq.data/data_5_pairs/7316-124T/130708_I1009_FCC21M0ACXX_L7_CGSGHmM041AEAAAPEI-31/130708_I1009_FCC21M0ACXX_L7_CGSGHmM041AEAAAPEI-31_2.fq.gz,100,500,60X,BGI@CHOP
56ed1b66-3796-4373-a05a-2e98eac11d51,111642,7316-124-T,WGS,Illumina HiSeq,CGSGHmM041AFAAAPEI-33,1,illumina15,FCD23J7ACXX_L8,s3://cbttc.seq.data/data_5_pairs/7316-124T/130710_I1089_FCD23J7ACXX_L8_CGSGHmM041AFAAAPEI-33/130710_I1089_FCD23J7ACXX_L8_CGSGHmM041AFAAAPEI-33_1.fq.gz,100,500,60X,BGI@CHOP
6ce23943-5e67-449f-9cf3-1d5d3f22ffe3,111642,7316-124-T,WGS,Illumina HiSeq,CGSGHmM041AFAAAPEI-33,2,illumina15,FCD23J7ACXX_L8,s3://cbttc.seq.data/data_5_pairs/7316-124T/130710_I1089_FCD23J7ACXX_L8_CGSGHmM041AFAAAPEI-33/130710_I1089_FCD23J7ACXX_L8_CGSGHmM041AFAAAPEI-33_2.fq.gz,100,500,60X,BGI@CHOP
f7b7ee56-a429-424c-b894-3b852e017ba1,111642,7316-124-T,WGS,Illumina HiSeq,CGSGHmM041AFAAAPEI-33,1,illumina15,FCD23JEACXX_L1,s3://cbttc.seq.data/data_5_pairs/7316-124T/130710_I1089_FCD23JEACXX_L1_CGSGHmM041AFAAAPEI-33/130710_I1089_FCD23JEACXX_L1_CGSGHmM041AFAAAPEI-33_1.fq.gz,100,500,60X,BGI@CHOP
3ceb06e2-05ae-49f5-bf32-36208ac91af4,111642,7316-124-T,WGS,Illumina HiSeq,CGSGHmM041AFAAAPEI-33,2,illumina15,FCD23JEACXX_L1,s3://cbttc.seq.data/data_5_pairs/7316-124T/130710_I1089_FCD23JEACXX_L1_CGSGHmM041AFAAAPEI-33/130710_I1089_FCD23JEACXX_L1_CGSGHmM041AFAAAPEI-33_2.fq.gz,100,500,60X,BGI@CHOP
6917738a-92ab-4b38-8084-becaf50cd6e4,111642,7316-124-T,WGS,Illumina HiSeq,CGSGHmM041AFAAAPEI-33,1,illumina15,FCD23JEACXX_L2,s3://cbttc.seq.data/data_5_pairs/7316-124T/130710_I1089_FCD23JEACXX_L2_CGSGHmM041AFAAAPEI-33/130710_I1089_FCD23JEACXX_L2_CGSGHmM041AFAAAPEI-33_1.fq.gz,100,500,60X,BGI@CHOP
5cfd8624-97ec-4e73-9909-7cc228c4da58,111642,7316-124-T,WGS,Illumina HiSeq,CGSGHmM041AFAAAPEI-33,2,illumina15,FCD23JEACXX_L2,s3://cbttc.seq.data/data_5_pairs/7316-124T/130710_I1089_FCD23JEACXX_L2_CGSGHmM041AFAAAPEI-33/130710_I1089_FCD23JEACXX_L2_CGSGHmM041AFAAAPEI-33_2.fq.gz,100,500,60X,BGI@CHOP
f97f8d48-eace-4086-a474-c0d4104d4c45,393643,7316-164-N,WGS,Illumina HiSeq,CGSGHmM041AKAAAPEI-55,1,illumina15,FCD23J7ACXX_L2,s3://cbttc.seq.data/data_5_pairs/7316-164B/130710_I1089_FCD23J7ACXX_L2_CGSGHmM041AKAAAPEI-55/130710_I1089_FCD23J7ACXX_L2_CGSGHmM041AKAAAPEI-55_1.fq.gz,100,500,30X,BGI@CHOP
587f9bd2-5f5c-4baa-84ff-454150975d4e,393643,7316-164-N,WGS,Illumina HiSeq,CGSGHmM041AKAAAPEI-55,2,illumina15,FCD23J7ACXX_L2,s3://cbttc.seq.data/data_5_pairs/7316-164B/130710_I1089_FCD23J7ACXX_L2_CGSGHmM041AKAAAPEI-55/130710_I1089_FCD23J7ACXX_L2_CGSGHmM041AKAAAPEI-55_2.fq.gz,100,500,30X,BGI@CHOP
e3d41763-4682-4431-ab77-0df222bb00ae,393643,7316-164-N,WGS,Illumina HiSeq,CGSGHmM041ALAAAPEI-56,1,illumina15,FCC21WLACXX_L5,s3://cbttc.seq.data/data_5_pairs/7316-164B/130711_I1082_FCC21WLACXX_L5_CGSGHmM041ALAAAPEI-56/130711_I1082_FCC21WLACXX_L5_CGSGHmM041ALAAAPEI-56_1.fq.gz,100,500,30X,BGI@CHOP
a14f8d21-d1f4-4d6b-9813-b96b4f331018,393643,7316-164-N,WGS,Illumina HiSeq,CGSGHmM041ALAAAPEI-56,2,illumina15,FCC21WLACXX_L5,s3://cbttc.seq.data/data_5_pairs/7316-164B/130711_I1082_FCC21WLACXX_L5_CGSGHmM041ALAAAPEI-56/130711_I1082_FCC21WLACXX_L5_CGSGHmM041ALAAAPEI-56_2.fq.gz,100,500,30X,BGI@CHOP
d82424bd-5466-40cf-8b7f-023dd3204e6e,393643,7316-164-N,WGS,Illumina HiSeq,CGSGHmM041ALAAAPEI-56,1,illumina15,FCC21WLACXX_L6,s3://cbttc.seq.data/data_5_pairs/7316-164B/130711_I1082_FCC21WLACXX_L6_CGSGHmM041ALAAAPEI-56/130711_I1082_FCC21WLACXX_L6_CGSGHmM041ALAAAPEI-56_1.fq.gz,100,500,30X,BGI@CHOP
df4ec238-df03-457f-ac77-e76287e3c5a2,393643,7316-164-N,WGS,Illumina HiSeq,CGSGHmM041ALAAAPEI-56,2,illumina15,FCC21WLACXX_L6,s3://cbttc.seq.data/data_5_pairs/7316-164B/130711_I1082_FCC21WLACXX_L6_CGSGHmM041ALAAAPEI-56/130711_I1082_FCC21WLACXX_L6_CGSGHmM041ALAAAPEI-56_2.fq.gz,100,500,30X,BGI@CHOP
6a5cfb2d-79b8-4cbe-a2eb-e1115e7fdbe6,164391,7316-164-T,WGS,Illumina HiSeq,CGSGHmM041AIAAAPEI-37,1,illumina15,FCD23JEACXX_L5,s3://cbttc.seq.data/data_5_pairs/7316-164T/130710_I1089_FCD23JEACXX_L5_CGSGHmM041AIAAAPEI-37/130710_I1089_FCD23JEACXX_L5_CGSGHmM041AIAAAPEI-37_1.fq.gz,100,500,60X,BGI@CHOP
ad7ac5ec-8ad0-41d3-8a4c-c87e6d7e7524,164391,7316-164-T,WGS,Illumina HiSeq,CGSGHmM041AIAAAPEI-37,2,illumina15,FCD23JEACXX_L5,s3://cbttc.seq.data/data_5_pairs/7316-164T/130710_I1089_FCD23JEACXX_L5_CGSGHmM041AIAAAPEI-37/130710_I1089_FCD23JEACXX_L5_CGSGHmM041AIAAAPEI-37_2.fq.gz,100,500,60X,BGI@CHOP
ea2a3dbb-e501-4767-bd1c-ae05932fd381,164391,7316-164-T,WGS,Illumina HiSeq,CGSGHmM041AIAAAPEI-37,1,illumina15,FCD23JEACXX_L6,s3://cbttc.seq.data/data_5_pairs/7316-164T/130710_I1089_FCD23JEACXX_L6_CGSGHmM041AIAAAPEI-37/130710_I1089_FCD23JEACXX_L6_CGSGHmM041AIAAAPEI-37_1.fq.gz,100,500,60X,BGI@CHOP
87d563d2-7990-4104-b0a1-ab6b029bda25,164391,7316-164-T,WGS,Illumina HiSeq,CGSGHmM041AIAAAPEI-37,2,illumina15,FCD23JEACXX_L6,s3://cbttc.seq.data/data_5_pairs/7316-164T/130710_I1089_FCD23JEACXX_L6_CGSGHmM041AIAAAPEI-37/130710_I1089_FCD23JEACXX_L6_CGSGHmM041AIAAAPEI-37_2.fq.gz,100,500,60X,BGI@CHOP
c1615a5e-2d53-4da6-ae73-c35ceac640be,164391,7316-164-T,WGS,Illumina HiSeq,CGSGHmM041AIAAAPEI-37,1,illumina15,FCD23JEACXX_L7,s3://cbttc.seq.data/data_5_pairs/7316-164T/130710_I1089_FCD23JEACXX_L7_CGSGHmM041AIAAAPEI-37/130710_I1089_FCD23JEACXX_L7_CGSGHmM041AIAAAPEI-37_1.fq.gz,100,500,60X,BGI@CHOP
4874f42d-d816-4e5e-9e41-aeb9d6cdb534,164391,7316-164-T,WGS,Illumina HiSeq,CGSGHmM041AIAAAPEI-37,2,illumina15,FCD23JEACXX_L7,s3://cbttc.seq.data/data_5_pairs/7316-164T/130710_I1089_FCD23JEACXX_L7_CGSGHmM041AIAAAPEI-37/130710_I1089_FCD23JEACXX_L7_CGSGHmM041AIAAAPEI-37_2.fq.gz,100,500,60X,BGI@CHOP
6c964186-b4ed-4558-bc74-e3a11db68bd9,164391,7316-164-T,WGS,Illumina HiSeq,CGSGHmM041AJAAAPEI-41,1,illumina15,FCD23JEACXX_L8,s3://cbttc.seq.data/data_5_pairs/7316-164T/130710_I1089_FCD23JEACXX_L8_CGSGHmM041AJAAAPEI-41/130710_I1089_FCD23JEACXX_L8_CGSGHmM041AJAAAPEI-41_1.fq.gz,100,500,60X,BGI@CHOP
f4c46b93-160b-4ec1-8981-6deb4192d9e2,164391,7316-164-T,WGS,Illumina HiSeq,CGSGHmM041AJAAAPEI-41,2,illumina15,FCD23JEACXX_L8,s3://cbttc.seq.data/data_5_pairs/7316-164T/130710_I1089_FCD23JEACXX_L8_CGSGHmM041AJAAAPEI-41/130710_I1089_FCD23JEACXX_L8_CGSGHmM041AJAAAPEI-41_2.fq.gz,100,500,60X,BGI@CHOP
c940656d-d775-4252-873d-0908c3a035eb,164391,7316-164-T,WGS,Illumina HiSeq,CGSGHmM041AJAAAPEI-41,1,illumina15,FCC21WLACXX_L3,s3://cbttc.seq.data/data_5_pairs/7316-164T/130711_I1082_FCC21WLACXX_L3_CGSGHmM041AJAAAPEI-41/130711_I1082_FCC21WLACXX_L3_CGSGHmM041AJAAAPEI-41_1.fq.gz,100,500,60X,BGI@CHOP
0cd220ad-c08b-4074-99bb-81ede139a8de,164391,7316-164-T,WGS,Illumina HiSeq,CGSGHmM041AJAAAPEI-41,2,illumina15,FCC21WLACXX_L3,s3://cbttc.seq.data/data_5_pairs/7316-164T/130711_I1082_FCC21WLACXX_L3_CGSGHmM041AJAAAPEI-41/130711_I1082_FCC21WLACXX_L3_CGSGHmM041AJAAAPEI-41_2.fq.gz,100,500,60X,BGI@CHOP
59b51882-4470-4647-afb1-8d7eb0cedcb5,164391,7316-164-T,WGS,Illumina HiSeq,CGSGHmM041AJAAAPEI-41,1,illumina15,FCC21WLACXX_L4,s3://cbttc.seq.data/data_5_pairs/7316-164T/130711_I1082_FCC21WLACXX_L4_CGSGHmM041AJAAAPEI-41/130711_I1082_FCC21WLACXX_L4_CGSGHmM041AJAAAPEI-41_1.fq.gz,100,500,60X,BGI@CHOP
fda00087-3e0a-4076-b34e-d09550c80d3c,164391,7316-164-T,WGS,Illumina HiSeq,CGSGHmM041AJAAAPEI-41,2,illumina15,FCC21WLACXX_L4,s3://cbttc.seq.data/data_5_pairs/7316-164T/130711_I1082_FCC21WLACXX_L4_CGSGHmM041AJAAAPEI-41/130711_I1082_FCC21WLACXX_L4_CGSGHmM041AJAAAPEI-41_2.fq.gz,100,500,60X,BGI@CHOP
ccf57a57-71a6-4a69-894e-2be16f6ff08d,394868,7316-166-N,WGS,Illumina HiSeq,CGSGHmM041AOAAAPEI-75,1,illumina15,FCD23E2ACXX_L5,s3://cbttc.seq.data/data_5_pairs/7316-166B/130711_I1082_FCD23E2ACXX_L5_CGSGHmM041AOAAAPEI-75/130711_I1082_FCD23E2ACXX_L5_CGSGHmM041AOAAAPEI-75_1.fq.gz,100,500,30X,BGI@CHOP
5516bb86-7426-4560-8f21-32f7a3f267b6,394868,7316-166-N,WGS,Illumina HiSeq,CGSGHmM041AOAAAPEI-75,2,illumina15,FCD23E2ACXX_L5,s3://cbttc.seq.data/data_5_pairs/7316-166B/130711_I1082_FCD23E2ACXX_L5_CGSGHmM041AOAAAPEI-75/130711_I1082_FCD23E2ACXX_L5_CGSGHmM041AOAAAPEI-75_2.fq.gz,100,500,30X,BGI@CHOP
45750dd2-6a41-47af-8eb5-5589ab7c911d,394868,7316-166-N,WGS,Illumina HiSeq,CGSGHmM041APAAAPEI-88,1,illumina15,FCD23E2ACXX_L6,s3://cbttc.seq.data/data_5_pairs/7316-166B/130711_I1082_FCD23E2ACXX_L6_CGSGHmM041APAAAPEI-88/130711_I1082_FCD23E2ACXX_L6_CGSGHmM041APAAAPEI-88_1.fq.gz,100,500,30X,BGI@CHOP
753d1d74-62af-4cc5-82e6-f7a8207280cc,394868,7316-166-N,WGS,Illumina HiSeq,CGSGHmM041APAAAPEI-88,2,illumina15,FCD23E2ACXX_L6,s3://cbttc.seq.data/data_5_pairs/7316-166B/130711_I1082_FCD23E2ACXX_L6_CGSGHmM041APAAAPEI-88/130711_I1082_FCD23E2ACXX_L6_CGSGHmM041APAAAPEI-88_2.fq.gz,100,500,30X,BGI@CHOP
b4336611-9db1-44ff-9f6d-0ee3c4828e10,394868,7316-166-N,WGS,Illumina HiSeq,CGSGHmM041APAAAPEI-88,1,illumina15,FCD23E2ACXX_L7,s3://cbttc.seq.data/data_5_pairs/7316-166B/130711_I1082_FCD23E2ACXX_L7_CGSGHmM041APAAAPEI-88/130711_I1082_FCD23E2ACXX_L7_CGSGHmM041APAAAPEI-88_1.fq.gz,100,500,30X,BGI@CHOP
3d018448-9653-4092-a1ca-688df117b2d3,394868,7316-166-N,WGS,Illumina HiSeq,CGSGHmM041APAAAPEI-88,2,illumina15,FCD23E2ACXX_L7,s3://cbttc.seq.data/data_5_pairs/7316-166B/130711_I1082_FCD23E2ACXX_L7_CGSGHmM041APAAAPEI-88/130711_I1082_FCD23E2ACXX_L7_CGSGHmM041APAAAPEI-88_2.fq.gz,100,500,30X,BGI@CHOP
a275ab8e-2026-4f48-ba26-47deb2edb8f3,164815,7316-166-T,WGS,Illumina HiSeq,CGSGHmM041AMAAAPEI-62,1,illumina15,FCC21WLACXX_L7,s3://cbttc.seq.data/data_5_pairs/7316-166T/130711_I1082_FCC21WLACXX_L7_CGSGHmM041AMAAAPEI-62/130711_I1082_FCC21WLACXX_L7_CGSGHmM041AMAAAPEI-62_1.fq.gz,100,500,60X,BGI@CHOP
b934c1b7-1c46-4927-92ee-a06312ccb0d3,164815,7316-166-T,WGS,Illumina HiSeq,CGSGHmM041AMAAAPEI-62,2,illumina15,FCC21WLACXX_L7,s3://cbttc.seq.data/data_5_pairs/7316-166T/130711_I1082_FCC21WLACXX_L7_CGSGHmM041AMAAAPEI-62/130711_I1082_FCC21WLACXX_L7_CGSGHmM041AMAAAPEI-62_2.fq.gz,100,500,60X,BGI@CHOP
9a80cacc-34e2-462b-be6f-15183033f7fd,164815,7316-166-T,WGS,Illumina HiSeq,CGSGHmM041AMAAAPEI-62,1,illumina15,FCC21WLACXX_L8,s3://cbttc.seq.data/data_5_pairs/7316-166T/130711_I1082_FCC21WLACXX_L8_CGSGHmM041AMAAAPEI-62/130711_I1082_FCC21WLACXX_L8_CGSGHmM041AMAAAPEI-62_1.fq.gz,100,500,60X,BGI@CHOP
9fd3ef11-03c9-4a31-a6b3-2f47a59a126f,164815,7316-166-T,WGS,Illumina HiSeq,CGSGHmM041AMAAAPEI-62,2,illumina15,FCC21WLACXX_L8,s3://cbttc.seq.data/data_5_pairs/7316-166T/130711_I1082_FCC21WLACXX_L8_CGSGHmM041AMAAAPEI-62/130711_I1082_FCC21WLACXX_L8_CGSGHmM041AMAAAPEI-62_2.fq.gz,100,500,60X,BGI@CHOP
d358c89c-0126-4182-a05f-99052afdba4c,164815,7316-166-T,WGS,Illumina HiSeq,CGSGHmM041AMAAAPEI-62,1,illumina15,FCD23E2ACXX_L1,s3://cbttc.seq.data/data_5_pairs/7316-166T/130711_I1082_FCD23E2ACXX_L1_CGSGHmM041AMAAAPEI-62/130711_I1082_FCD23E2ACXX_L1_CGSGHmM041AMAAAPEI-62_1.fq.gz,100,500,60X,BGI@CHOP
c1ea1eb5-da2e-422d-a276-bffbe013b030,164815,7316-166-T,WGS,Illumina HiSeq,CGSGHmM041AMAAAPEI-62,2,illumina15,FCD23E2ACXX_L1,s3://cbttc.seq.data/data_5_pairs/7316-166T/130711_I1082_FCD23E2ACXX_L1_CGSGHmM041AMAAAPEI-62/130711_I1082_FCD23E2ACXX_L1_CGSGHmM041AMAAAPEI-62_2.fq.gz,100,500,60X,BGI@CHOP
95da3992-7da1-4117-8222-980d57164fd3,164815,7316-166-T,WGS,Illumina HiSeq,CGSGHmM041ANAAAPEI-74,1,illumina15,FCD23E2ACXX_L2,s3://cbttc.seq.data/data_5_pairs/7316-166T/130711_I1082_FCD23E2ACXX_L2_CGSGHmM041ANAAAPEI-74/130711_I1082_FCD23E2ACXX_L2_CGSGHmM041ANAAAPEI-74_1.fq.gz,100,500,60X,BGI@CHOP
68c0c0f7-99eb-4ad5-8ad9-e1e5ce64d1b4,164815,7316-166-T,WGS,Illumina HiSeq,CGSGHmM041ANAAAPEI-74,2,illumina15,FCD23E2ACXX_L2,s3://cbttc.seq.data/data_5_pairs/7316-166T/130711_I1082_FCD23E2ACXX_L2_CGSGHmM041ANAAAPEI-74/130711_I1082_FCD23E2ACXX_L2_CGSGHmM041ANAAAPEI-74_2.fq.gz,100,500,60X,BGI@CHOP
f5106b3a-64fb-463c-bf84-c772b5958f60,164815,7316-166-T,WGS,Illumina HiSeq,CGSGHmM041ANAAAPEI-74,1,illumina15,FCD23E2ACXX_L3,s3://cbttc.seq.data/data_5_pairs/7316-166T/130711_I1082_FCD23E2ACXX_L3_CGSGHmM041ANAAAPEI-74/130711_I1082_FCD23E2ACXX_L3_CGSGHmM041ANAAAPEI-74_1.fq.gz,100,500,60X,BGI@CHOP
23de9547-287d-4917-aebf-50cf5619ad32,164815,7316-166-T,WGS,Illumina HiSeq,CGSGHmM041ANAAAPEI-74,2,illumina15,FCD23E2ACXX_L3,s3://cbttc.seq.data/data_5_pairs/7316-166T/130711_I1082_FCD23E2ACXX_L3_CGSGHmM041ANAAAPEI-74/130711_I1082_FCD23E2ACXX_L3_CGSGHmM041ANAAAPEI-74_2.fq.gz,100,500,60X,BGI@CHOP
96f92fbd-a696-4e97-b715-446881f833c8,164815,7316-166-T,WGS,Illumina HiSeq,CGSGHmM041ANAAAPEI-74,1,illumina15,FCD23E2ACXX_L4,s3://cbttc.seq.data/data_5_pairs/7316-166T/130711_I1082_FCD23E2ACXX_L4_CGSGHmM041ANAAAPEI-74/130711_I1082_FCD23E2ACXX_L4_CGSGHmM041ANAAAPEI-74_1.fq.gz,100,500,60X,BGI@CHOP
94aac9f2-301f-4499-8755-77cc28defa31,164815,7316-166-T,WGS,Illumina HiSeq,CGSGHmM041ANAAAPEI-74,2,illumina15,FCD23E2ACXX_L4,s3://cbttc.seq.data/data_5_pairs/7316-166T/130711_I1082_FCD23E2ACXX_L4_CGSGHmM041ANAAAPEI-74/130711_I1082_FCD23E2ACXX_L4_CGSGHmM041ANAAAPEI-74_2.fq.gz,100,500,60X,BGI@CHOP
7e50ddbd-9ce7-4af7-b57b-51a1e6302cdd,394838,7316-226-N,WGS,Illumina HiSeq,CGSGHmM041ASAAAPEI-93,1,illumina15,FCD22VKACXX_L1,s3://cbttc.seq.data/data_5_pairs/7316-226B/130717_I1069_FCD22VKACXX_L1_CGSGHmM041ASAAAPEI-93/130717_I1069_FCD22VKACXX_L1_CGSGHmM041ASAAAPEI-93_1.fq.gz,100,500,30X,BGI@CHOP
6f1afc77-8b33-4b97-a02b-751a780aa7b3,394838,7316-226-N,WGS,Illumina HiSeq,CGSGHmM041ASAAAPEI-93,2,illumina15,FCD22VKACXX_L1,s3://cbttc.seq.data/data_5_pairs/7316-226B/130717_I1069_FCD22VKACXX_L1_CGSGHmM041ASAAAPEI-93/130717_I1069_FCD22VKACXX_L1_CGSGHmM041ASAAAPEI-93_2.fq.gz,100,500,30X,BGI@CHOP
708b84a1-1d63-47b8-9b5f-0d3593c65767,394838,7316-226-N,WGS,Illumina HiSeq,CGSGHmM041ATAAAPEI-16,1,illumina15,FCH0Y0GADXX_L1,s3://cbttc.seq.data/data_5_pairs/7316-226B/130723_I1074_FCH0Y0GADXX_L1_CGSGHmM041ATAAAPEI-16/130723_I1074_FCH0Y0GADXX_L1_CGSGHmM041ATAAAPEI-16_1.fq.gz,100,500,30X,BGI@CHOP
9642ef14-b224-4a97-b1fa-31960f772187,394838,7316-226-N,WGS,Illumina HiSeq,CGSGHmM041ATAAAPEI-16,2,illumina15,FCH0Y0GADXX_L1,s3://cbttc.seq.data/data_5_pairs/7316-226B/130723_I1074_FCH0Y0GADXX_L1_CGSGHmM041ATAAAPEI-16/130723_I1074_FCH0Y0GADXX_L1_CGSGHmM041ATAAAPEI-16_2.fq.gz,100,500,30X,BGI@CHOP
0f1530cd-a998-4156-92b9-6dc29f9e2718,394838,7316-226-N,WGS,Illumina HiSeq,CGSGHmM041ATAAAPEI-16,1,illumina15,FCH0Y0GADXX_L2,s3://cbttc.seq.data/data_5_pairs/7316-226B/130723_I1074_FCH0Y0GADXX_L2_CGSGHmM041ATAAAPEI-16/130723_I1074_FCH0Y0GADXX_L2_CGSGHmM041ATAAAPEI-16_1.fq.gz,100,500,30X,BGI@CHOP
759c4201-5108-43c3-9fbc-27cd4130257d,394838,7316-226-N,WGS,Illumina HiSeq,CGSGHmM041ATAAAPEI-16,2,illumina15,FCH0Y0GADXX_L2,s3://cbttc.seq.data/data_5_pairs/7316-226B/130723_I1074_FCH0Y0GADXX_L2_CGSGHmM041ATAAAPEI-16/130723_I1074_FCH0Y0GADXX_L2_CGSGHmM041ATAAAPEI-16_2.fq.gz,100,500,30X,BGI@CHOP
5ab1e114-06ac-44c5-bd7b-d098e276470d,269642.269643,7316-226-T,WGS,Illumina HiSeq,CGSGHmM041AQAAAPEI-89,1,illumina15,FCD23E2ACXX_L8,s3://cbttc.seq.data/data_5_pairs/7316-226T/130711_I1082_FCD23E2ACXX_L8_CGSGHmM041AQAAAPEI-89/130711_I1082_FCD23E2ACXX_L8_CGSGHmM041AQAAAPEI-89_1.fq.gz,100,500,60X,BGI@CHOP
4a2e85db-eebb-4905-9328-6ba0613c0575,269642.269643,7316-226-T,WGS,Illumina HiSeq,CGSGHmM041AQAAAPEI-89,2,illumina15,FCD23E2ACXX_L8,s3://cbttc.seq.data/data_5_pairs/7316-226T/130711_I1082_FCD23E2ACXX_L8_CGSGHmM041AQAAAPEI-89/130711_I1082_FCD23E2ACXX_L8_CGSGHmM041AQAAAPEI-89_2.fq.gz,100,500,60X,BGI@CHOP
b0bd0f95-f71d-4b4c-8e13-2991e474aef4,269642.269643,7316-226-T,WGS,Illumina HiSeq,CGSGHmM041AQAAAPEI-89,1,illumina15,FCH0Y0EADXX_L1,s3://cbttc.seq.data/data_5_pairs/7316-226T/130716_I1074_FCH0Y0EADXX_L1_CGSGHmM041AQAAAPEI-89/130716_I1074_FCH0Y0EADXX_L1_index90_1.fq.gz,100,500,60X,BGI@CHOP
37596bf9-c1b1-43f4-8b5b-2b047932e95b,269642.269643,7316-226-T,WGS,Illumina HiSeq,CGSGHmM041AQAAAPEI-89,2,illumina15,FCH0Y0EADXX_L1,s3://cbttc.seq.data/data_5_pairs/7316-226T/130716_I1074_FCH0Y0EADXX_L1_CGSGHmM041AQAAAPEI-89/130716_I1074_FCH0Y0EADXX_L1_index90_2.fq.gz,100,500,60X,BGI@CHOP
214023eb-53c8-4380-b721-4d801b460fb2,269642.269643,7316-226-T,WGS,Illumina HiSeq,CGSGHmM041AQAAAPEI-89,1,illumina15,FCH0Y0EADXX_L2,s3://cbttc.seq.data/data_5_pairs/7316-226T/130716_I1074_FCH0Y0EADXX_L2_CGSGHmM041AQAAAPEI-89/130716_I1074_FCH0Y0EADXX_L2_index90_1.fq.gz,100,500,60X,BGI@CHOP
6b7d2947-0c5a-4a44-8902-9f9259ca3ce5,269642.269643,7316-226-T,WGS,Illumina HiSeq,CGSGHmM041AQAAAPEI-89,2,illumina15,FCH0Y0EADXX_L2,s3://cbttc.seq.data/data_5_pairs/7316-226T/130716_I1074_FCH0Y0EADXX_L2_CGSGHmM041AQAAAPEI-89/130716_I1074_FCH0Y0EADXX_L2_index90_2.fq.gz,100,500,60X,BGI@CHOP
6c4c4a9d-d88b-4b74-8795-8f764b78bf9c,269642.269643,7316-226-T,WGS,Illumina HiSeq,CGSGHmM041AQAAAPEI-89,1,illumina15,FCD23J4ACXX_L7,s3://cbttc.seq.data/data_5_pairs/7316-226T/130717_I1069_FCD23J4ACXX_L7_CGSGHmM041AQAAAPEI-89/130717_I1069_FCD23J4ACXX_L7_CGSGHmM041AQAAAPEI-89_1.fq.gz,100,500,60X,BGI@CHOP
61032914-3f5f-41b7-8d03-c65bce2ea7ef,269642.269643,7316-226-T,WGS,Illumina HiSeq,CGSGHmM041AQAAAPEI-89,2,illumina15,FCD23J4ACXX_L7,s3://cbttc.seq.data/data_5_pairs/7316-226T/130717_I1069_FCD23J4ACXX_L7_CGSGHmM041AQAAAPEI-89/130717_I1069_FCD23J4ACXX_L7_CGSGHmM041AQAAAPEI-89_2.fq.gz,100,500,60X,BGI@CHOP
e8175233-8135-4110-b902-f51a5439d128,269642.269643,7316-226-T,WGS,Illumina HiSeq,CGSGHmM041AQAAAPEI-89,1,illumina15,FCD23J4ACXX_L8,s3://cbttc.seq.data/data_5_pairs/7316-226T/130717_I1069_FCD23J4ACXX_L8_CGSGHmM041AQAAAPEI-89/130717_I1069_FCD23J4ACXX_L8_CGSGHmM041AQAAAPEI-89_1.fq.gz,100,500,60X,BGI@CHOP
33222a9f-4213-48fa-a5fb-b3acd79bdf50,269642.269643,7316-226-T,WGS,Illumina HiSeq,CGSGHmM041AQAAAPEI-89,2,illumina15,FCD23J4ACXX_L8,s3://cbttc.seq.data/data_5_pairs/7316-226T/130717_I1069_FCD23J4ACXX_L8_CGSGHmM041AQAAAPEI-89/130717_I1069_FCD23J4ACXX_L8_CGSGHmM041AQAAAPEI-89_2.fq.gz,100,500,60X,BGI@CHOP
9b8030e6-d07b-410b-9f31-1e53cecc5cab,269642.269643,7316-226-T,WGS,Illumina HiSeq,CGSGHmM041ARAAAPEI-90,1,illumina15,FCD23GWACXX_L1,s3://cbttc.seq.data/data_5_pairs/7316-226T/130725_I1089_FCD23GWACXX_L1_CGSGHmM041ARAAAPEI-90/130725_I1089_FCD23GWACXX_L1_CGSGHmM041ARAAAPEI-90_1.fq.gz,100,500,60X,BGI@CHOP
b167cccc-50c1-49ac-8c43-48d1cb37da60,269642.269643,7316-226-T,WGS,Illumina HiSeq,CGSGHmM041ARAAAPEI-90,2,illumina15,FCD23GWACXX_L1,s3://cbttc.seq.data/data_5_pairs/7316-226T/130725_I1089_FCD23GWACXX_L1_CGSGHmM041ARAAAPEI-90/130725_I1089_FCD23GWACXX_L1_CGSGHmM041ARAAAPEI-90_2.fq.gz,100,500,60X,BGI@CHOP
